"experiment","id","max_length","n_retrieval_docs","top_k","generation_method","embedding_id","userprompt","n_tokens","docs_ids","similarities","perplexity"
"rag","60","15","1","10","beam","facebook/contriever",". Question: who sang theme song for license to kill?","1013","60_1,60_2,60_12,60_3,60_4,60_11,60_13,60_5,60_9,60_6","0.5078860521316528,0.5602269768714905,0.5655557513237,0.5878164768218994,0.5992817878723145,0.6097021698951721,0.6182766556739807,0.6292575001716614,0.6372915506362915,0.649518609046936","10.634073257446289"
"rag","23","15","1","10","beam","facebook/contriever",". Question: a concave mirror can form a real image which is a copy of an object that forms?","573","23_1,23_3,23_4,23_2,23_6,23_5","0.39632678031921387,0.4732421040534973,0.5207118391990662,0.5408962965011597,0.6757581233978271,0.6898006796836853","10.444828987121582"
"rag","93","15","1","10","beam","facebook/contriever",". Question: who wore number 7 for the green bay packers?","985","93_5,93_1,93_4,93_6,93_8,93_7,93_14,93_13,93_2,93_3","0.4588029384613037,0.4635024070739746,0.46887385845184326,0.4795876741409302,0.49753665924072266,0.5095508098602295,0.5213409662246704,0.5221155881881714,0.5539334416389465,0.5769929885864258","10.630372047424316"
"rag","74","15","1","10","beam","facebook/contriever",". Question: where does patience is a virtue come from?","325","74_1,74_2,74_3,74_4","0.33302295207977295,0.5229207277297974,0.6557490825653076,0.7368319034576416","11.370491027832031"
"rag","38","15","1","10","beam","facebook/contriever",". Question: who wrote ain't living long like this?","992","38_1,38_3,38_13,38_2,38_6,38_9,38_17,38_5,38_16,38_7","0.5749720931053162,0.5904919505119324,0.5963699221611023,0.6122268438339233,0.6256916522979736,0.6308534145355225,0.6347783207893372,0.6401336789131165,0.6483626365661621,0.6537107229232788","10.8721342086792"
"rag","25","15","1","10","beam","facebook/contriever",". Question: who played the mom on what's eating gilbert grape?","958","25_10,25_9,25_11,25_3,25_7,25_2,25_4,25_14,25_8,25_1","0.5334901809692383,0.5598495006561279,0.5940960049629211,0.6193807125091553,0.6236412525177002,0.6560710668563843,0.6612028479576111,0.6617774963378906,0.7112510204315186,0.7588723301887512","9.981135368347168"
"rag","92","15","1","10","beam","facebook/contriever",". Question: where do secondary xylem and phloem cells arise from?","1017","92_7,92_1,92_4,92_5,92_3,92_10,92_6,92_18,92_11,92_8","0.45654022693634033,0.4566715955734253,0.46412497758865356,0.4678763747215271,0.46850353479385376,0.49392861127853394,0.5004437565803528,0.5035135746002197,0.5100472569465637,0.5244178175926208","15.046732902526855"
"rag","52","15","1","10","beam","facebook/contriever",". Question: who added a press room to the white house?","1014","52_2,52_4,52_3,52_1,52_9,52_11,52_17,52_14,52_6,52_7","0.45433008670806885,0.4589279890060425,0.4596458673477173,0.4653329849243164,0.4934278130531311,0.5206719636917114,0.542536735534668,0.5585631132125854,0.5685128569602966,0.5695929527282715","13.665619850158691"
"rag","91","15","1","10","beam","facebook/contriever",". Question: nodding your head no is an example of?","990","91_7,91_8,91_3,91_2,91_5,91_4,91_1,91_6,91_10,91_9","0.4881189465522766,0.5517270565032959,0.5568267107009888,0.561204731464386,0.5630749464035034,0.587916374206543,0.5910863876342773,0.6228901743888855,0.6276301145553589,0.6523150205612183","17.19012451171875"
"rag","33","15","1","10","beam","facebook/contriever",". Question: who sings the theme tune to mum on bbc2?","1012","33_13,33_15,33_14,33_16,33_1,33_8,33_12,33_3,33_2,33_4","0.48169946670532227,0.5547855496406555,0.5672864317893982,0.5814124345779419,0.6196584105491638,0.6248455047607422,0.6388307809829712,0.6426814198493958,0.6723804473876953,0.684882402420044","9.145523071289062"
"rag","68","15","1","10","beam","facebook/contriever",". Question: who played the detective in little boy blue?","985","68_11,68_10,68_1,68_5,68_9,68_2,68_13,68_6,68_7,68_3","0.5461669564247131,0.5657380819320679,0.5674619674682617,0.5899876356124878,0.5987536311149597,0.6643192768096924,0.6770910024642944,0.7044638395309448,0.7105907201766968,0.7215871810913086","11.129631042480469"
"rag","31","15","1","10","beam","facebook/contriever",". Question: when was the first horrid henry book written?","1016","31_14,31_17,31_2,31_1,31_16,31_13,31_19,31_18,31_15,31_20","0.3987009525299072,0.4086970090866089,0.42860448360443115,0.4362698197364807,0.4368535876274109,0.452625572681427,0.45897382497787476,0.46109437942504883,0.47536134719848633,0.48011767864227295","6.746484279632568"
"rag","81","15","1","10","beam","facebook/contriever",". Question: who plays grace in the secret life of the american teenager?","1017","81_3,81_2,81_9,81_11,81_6,81_1,81_8,81_12,81_4,81_13","0.5210626721382141,0.5375759601593018,0.5426883697509766,0.5999737977981567,0.6151204705238342,0.639846920967102,0.6493061780929565,0.6598875522613525,0.6610869765281677,0.67471843957901","13.740333557128906"
"rag","63","15","1","10","beam","facebook/contriever",". Question: who has won the canada open women's doubles?","927","63_1,63_2,63_24,63_23,63_4,63_16,63_25,63_18,63_20,63_8","0.5400532484054565,0.5548351407051086,0.5638061165809631,0.5721730589866638,0.6385300755500793,0.6529332399368286,0.6636308431625366,0.6954250931739807,0.6988081932067871,0.711497962474823","29.72547721862793"
"rag","45","15","1","10","beam","facebook/contriever",". Question: where does the last name waller come from?","995","45_10,45_1,45_11,45_5,45_3,45_8,45_9,45_7,45_2,45_6","0.4454768896102905,0.5078781247138977,0.5084516406059265,0.5192884206771851,0.5204657316207886,0.5283389687538147,0.5459389686584473,0.5598070621490479,0.5732896327972412,0.5766410827636719","13.893741607666016"
"rag","53","15","1","10","beam","facebook/contriever",". Question: who wrote how do you do it by gerry and the pacemakers?","941","53_2,53_11,53_10,53_5,53_1,53_6,53_9,53_8,53_7,53_13","0.47201287746429443,0.48421454429626465,0.5410224199295044,0.558929979801178,0.5674940347671509,0.5965749025344849,0.6187160611152649,0.6496263742446899,0.6633275151252747,0.6974065899848938","10.461102485656738"
"rag","67","15","1","10","beam","facebook/contriever",". Question: what type of reproduction do whiptail lizards use?","1016","67_8,67_9,67_5,67_4,67_1,67_6,67_7,67_11,67_10,67_3","0.4429336190223694,0.4430081844329834,0.44461774826049805,0.44634515047073364,0.475899875164032,0.4835183024406433,0.4952380657196045,0.5113736391067505,0.5376348495483398,0.5822852253913879","10.115228652954102"
"rag","78","15","1","10","beam","facebook/contriever",". Question: who sings i don't want to be lonely?","963","78_1,78_3,78_11,78_2,78_10,78_9,78_12,78_8,78_13,78_7","0.570346474647522,0.5893895626068115,0.5915008783340454,0.6157087087631226,0.6334249973297119,0.6348727941513062,0.6549311280250549,0.6731380820274353,0.7102935314178467,0.7154645323753357","10.848225593566895"
"rag","27","15","1","10","beam","facebook/contriever",". Question: who wrote song what a friend we have in jesus?","1019","27_1,27_17,27_18,27_14,27_15,27_6,27_3,27_20,27_10,27_5","0.4147183895111084,0.47131824493408203,0.4833220839500427,0.5245888233184814,0.5536283254623413,0.5560498237609863,0.5676871538162231,0.5894880890846252,0.6072300672531128,0.611292839050293","15.91935920715332"
"rag","39","15","1","10","beam","facebook/contriever",". Question: who is the original singer of just when i needed you most?","950","39_1,39_10,39_16,39_8,39_3,39_2,39_19,39_13,39_5,39_15","0.48868680000305176,0.5418869853019714,0.5733132362365723,0.587286114692688,0.5893852114677429,0.5947911739349365,0.6052565574645996,0.6228883862495422,0.6278225779533386,0.6284687519073486","10.537543296813965"
"rag","69","15","1","10","beam","facebook/contriever",". Question: what allows chyme to enter the small intestine?","1012","69_6,69_8,69_7,69_2,69_3,69_1,69_4,69_9,69_5,69_10","0.4046139717102051,0.4295269846916199,0.43446046113967896,0.43525123596191406,0.4438047409057617,0.4596768617630005,0.47879457473754883,0.5601692199707031,0.6156278848648071,0.6461453437805176","10.466720581054688"
"rag","42","15","1","10","beam","facebook/contriever",". Question: where would the group bacteroids likely be found?","1014","42_1,42_11,42_20,42_7,42_4,42_8,42_9,42_2,42_12,42_16","0.5250421762466431,0.5332707166671753,0.5460395812988281,0.5513339042663574,0.5516132712364197,0.5585020780563354,0.566486120223999,0.5719107389450073,0.5878908038139343,0.593165397644043","11.751385688781738"
"rag","66","15","1","10","beam","facebook/contriever",". Question: where does the last name andersen originate from?","1014","66_1,66_11,66_10,66_9,66_6,66_2,66_3,66_4,66_5,66_8","0.3935396075248718,0.438160240650177,0.4560062885284424,0.48220503330230713,0.4909549355506897,0.4929755926132202,0.5098766684532166,0.5133523344993591,0.5196563005447388,0.556255578994751","10.306398391723633"
"rag","9","15","1","10","beam","facebook/contriever",". Question: how long did the democrats control the house and senate?","879","9_3,9_4,9_5,9_1,9_6,9_7,9_9,9_8,9_2","0.3648809790611267,0.3780578374862671,0.42609357833862305,0.44097596406936646,0.44205808639526367,0.5233578681945801,0.5400733947753906,0.5577027797698975,0.5620983839035034","6.3981852531433105"
"rag","26","15","1","10","beam","facebook/contriever",". Question: who sang in the movie i walk the line?","933","26_1,26_3,26_13,26_10,26_15,26_5,26_6,26_8,26_9,26_7","0.5105039477348328,0.554020881652832,0.6335201263427734,0.6375128626823425,0.6430882215499878,0.6549731492996216,0.6735518574714661,0.6765432357788086,0.6767439246177673,0.6805295944213867","11.0264892578125"
"rag","59","15","1","10","beam","facebook/contriever",". Question: who is the premier of northern cape 2018?","641","59_1,59_2,59_7,59_6,59_3,59_5,59_4","0.41659873723983765,0.42278027534484863,0.4241619110107422,0.523210883140564,0.5432614684104919,0.5451604127883911,0.6023313999176025","12.234485626220703"
"rag","18","15","1","10","beam","facebook/contriever",". Question: who owns the biggest house in beverly hills?","1015","18_2,18_9,18_1,18_18,18_12,18_16,18_15,18_20,18_19,18_7","0.47363054752349854,0.47492289543151855,0.5138211250305176,0.5144292116165161,0.5161200761795044,0.5620560646057129,0.5644933581352234,0.5733629465103149,0.5758461356163025,0.5902000069618225","9.971221923828125"
"rag","89","15","1","10","beam","facebook/contriever",". Question: who sings god is great beer is good?","994","89_6,89_4,89_12,89_16,89_15,89_9,89_10,89_3,89_11,89_14","0.6150150299072266,0.6249012351036072,0.6943514347076416,0.7023444771766663,0.7061219811439514,0.7121145725250244,0.7175823450088501,0.7223494052886963,0.7396936416625977,0.7398172616958618","13.398759841918945"
"rag","87","15","1","10","beam","facebook/contriever",". Question: what does the air gap do on a dishwasher?","1016","87_3,87_4,87_1,87_2,87_7,87_8,87_6,87_9,87_5,87_10","0.3667505979537964,0.4300895929336548,0.4378095269203186,0.4572923183441162,0.5096907019615173,0.5272849202156067,0.5489606857299805,0.5904387831687927,0.6430841088294983,0.6581639647483826","12.134842872619629"
"rag","97","15","1","10","beam","facebook/contriever",". Question: who is the first indian climber of mount everest?","989","97_3,97_21,97_12,97_20,97_11,97_19,97_10,97_4,97_16,97_2","0.4017638564109802,0.4026322364807129,0.41009169816970825,0.4169754981994629,0.4217979311943054,0.4218275547027588,0.4265979528427124,0.4385465979576111,0.4429619312286377,0.4518303871154785","12.731685638427734"
"rag","7","15","1","10","beam","facebook/contriever",". Question: what is in a pat o brien hurricane?","918","7_5,7_1,7_2,7_4,7_3,7_14,7_6,7_15,7_11,7_10","0.5481581687927246,0.558310866355896,0.5787479281425476,0.6106870770454407,0.6664630770683289,0.6907744407653809,0.7014851570129395,0.7050387859344482,0.7278120517730713,0.7458450794219971","24.684247970581055"
"rag","44","15","1","10","beam","facebook/contriever",". Question: what is the name of son of lord krishna?","1014","44_16,44_14,44_18,44_8,44_10,44_2,44_9,44_1,44_3,44_5","0.5411081314086914,0.5527166128158569,0.5587036609649658,0.5729057788848877,0.5770131349563599,0.5790820121765137,0.5799317955970764,0.581987738609314,0.5846081376075745,0.5883641242980957","13.085161209106445"
"rag","84","15","1","10","beam","facebook/contriever",". Question: who played anna in once upon a time?","870","84_5,84_1,84_4,84_6,84_3,84_9,84_2,84_7,84_8","0.49166935682296753,0.5056591629981995,0.5601989030838013,0.5788911581039429,0.586676836013794,0.6378819942474365,0.7258912324905396,0.7276316285133362,0.8176568746566772","7.741578578948975"
"rag","96","15","1","10","beam","facebook/contriever",". Question: what is the average salary for a us congressman?","963","96_14,96_11,96_13,96_1,96_12,96_4,96_3,96_8,96_9,96_5","0.45694220066070557,0.516711413860321,0.5188654661178589,0.5326018333435059,0.5886735320091248,0.5923687815666199,0.6362287402153015,0.6472289562225342,0.6489533185958862,0.6560187339782715","13.431373596191406"
"rag","15","15","1","10","beam","facebook/contriever",". Question: what type of joint connects the incus with the malleus?","625","15_1,15_2,15_5,15_3,15_6,15_4,15_7","0.48296523094177246,0.5170431137084961,0.5362873673439026,0.5548588037490845,0.636883556842804,0.672742486000061,0.7211869955062866","13.060441970825195"
"rag","17","15","1","10","beam","facebook/contriever",". Question: when was the lupus foundation of america founded?","1012","17_4,17_12,17_2,17_6,17_7,17_5,17_1,17_11,17_9,17_3","0.32590460777282715,0.32829898595809937,0.3409995436668396,0.35542935132980347,0.3610023856163025,0.3688739538192749,0.37024807929992676,0.37910306453704834,0.39022600650787354,0.39193952083587646","7.451236248016357"
"rag","41","15","1","10","beam","facebook/contriever",". Question: what started the war between us and japan?","1016","41_3,41_1,41_17,41_8,41_2,41_5,41_4,41_10,41_16,41_12","0.5222247242927551,0.522724986076355,0.5249277949333191,0.5263946056365967,0.5295814275741577,0.5383033752441406,0.5436258316040039,0.5480446219444275,0.5555620193481445,0.5620326995849609","11.16212272644043"
"rag","24","15","1","10","beam","facebook/contriever",". Question: who sang i put a spell on you in hocus pocus?","1017","24_13,24_1,24_21,24_12,24_3,24_18,24_2,24_5,24_8,24_4","0.5742484927177429,0.5820406675338745,0.6370190382003784,0.6575347185134888,0.6612219214439392,0.6727274656295776,0.6793181896209717,0.6793614625930786,0.6916756629943848,0.6987118124961853","11.745951652526855"
"rag","21","15","1","10","beam","facebook/contriever",". Question: who played jennifer in back to the future?","1014","21_2,21_7,21_6,21_3,21_10,21_8,21_13,21_4,21_12,21_11","0.5505571961402893,0.5547624230384827,0.5555531978607178,0.5580108761787415,0.5644217133522034,0.6006403565406799,0.608851432800293,0.6103237271308899,0.6157246828079224,0.6256917715072632","16.543315887451172"
"rag","22","15","1","10","beam","facebook/contriever",". Question: where are the cardiac and vasomotor centers found?","849","22_1,22_8,22_2,22_3,22_5,22_4,22_7,22_9,22_6","0.4481939673423767,0.5787686109542847,0.5818320512771606,0.6390604376792908,0.655532956123352,0.6894852519035339,0.7006354928016663,0.711390495300293,0.719423770904541","15.09851360321045"
"rag","50","15","1","10","beam","facebook/contriever",". Question: who was the first to say i'm going to disney world?","1016","50_1,50_17,50_15,50_20,50_14,50_18,50_3,50_7,50_6,50_12","0.4484078884124756,0.5278307795524597,0.5402358174324036,0.5592242479324341,0.5883681774139404,0.6065494418144226,0.6138380765914917,0.6415847539901733,0.6416415572166443,0.6472541689872742","15.236638069152832"
"rag","12","15","1","10","beam","facebook/contriever",". Question: who sings the whiskey ain't workin anymore?","1013","12_1,12_2,12_9,12_16,12_3,12_17,12_7,12_11,12_15,12_8","0.48400068283081055,0.5222890973091125,0.5238503813743591,0.5523384809494019,0.5726422667503357,0.5811771154403687,0.5994148850440979,0.6033036708831787,0.6066684722900391,0.6083726286888123","9.106371879577637"
"rag","20","15","1","10","beam","facebook/contriever",". Question: this inventor co-created the film fred ottâ€™s sneeze?","936","20_1,20_7,20_2,20_6,20_8,20_5,20_3,20_4,20_10,20_9","0.41650551557540894,0.4188894033432007,0.5060347318649292,0.5550219416618347,0.5772334337234497,0.6549433469772339,0.6942148208618164,0.7386088371276855,0.7467888593673706,0.7892817258834839","8.944144248962402"
"rag","71","15","1","10","beam","facebook/contriever",". Question: what goes on the bottom of shepherd's pie?","1015","71_1,71_4,71_3,71_2,71_9,71_6,71_11,71_5,71_10,71_24","0.44567710161209106,0.4787258505821228,0.49661076068878174,0.5282909870147705,0.5584967136383057,0.5673633813858032,0.598293662071228,0.615800142288208,0.6226745843887329,0.633080005645752","11.504012107849121"
"rag","75","15","1","10","beam","facebook/contriever",". Question: who sang the most number of songs in the world?","931","75_1,75_19,75_4,75_18,75_17,75_2,75_5,75_3,75_20,75_24","0.5755903720855713,0.5797280073165894,0.5990933179855347,0.6169468760490417,0.6341723799705505,0.6342025399208069,0.6350067853927612,0.6354698538780212,0.6553707122802734,0.6601325273513794","13.010985374450684"
"rag","57","15","1","10","beam","facebook/contriever",". Question: who owns spirit of the suwannee music park?","661","57_1,57_3,57_6,57_2,57_5,57_4,57_7","0.3719768524169922,0.4020054340362549,0.4673457145690918,0.49903035163879395,0.5145445466041565,0.7305008172988892,0.7510464191436768","8.155677795410156"
"rag","36","15","1","10","beam","facebook/contriever",". Question: who is the singer of kal ho na ho?","945","36_1,36_10,36_7,36_6,36_2,36_8,36_5,36_12,36_4,36_3","0.44319939613342285,0.4930879473686218,0.5089904069900513,0.5458201766014099,0.5504475831985474,0.588206946849823,0.6013065576553345,0.6275663375854492,0.6324460506439209,0.6418994665145874","8.35806655883789"
"rag","13","15","1","10","beam","facebook/contriever",". Question: what episode does marnie come back in geordie shore?","886","13_1,13_5,13_11,13_12,13_9,13_3,13_10,13_4,13_13,13_6","0.4778022766113281,0.5006505250930786,0.5314944982528687,0.535802960395813,0.5439991354942322,0.5725865364074707,0.5798505544662476,0.5972585082054138,0.6022422909736633,0.6742508411407471","7.846305847167969"
"rag","55","15","1","10","beam","facebook/contriever",". Question: is jaffa cakes a biscuit or a cake?","1013","55_2,55_8,55_1,55_3,55_10,55_15,55_4,55_6,55_7,55_11","0.3880839943885803,0.3928682208061218,0.419094443321228,0.431296706199646,0.4692586660385132,0.4809751510620117,0.4826529026031494,0.48388051986694336,0.4875800609588623,0.4895903468132019","11.495534896850586"
"rag","14","15","1","10","beam","facebook/contriever",". Question: who sings love will keep us alive by the eagles?","1017","14_1,14_12,14_10,14_2,14_11,14_14,14_9,14_15,14_6,14_13","0.4593600034713745,0.5401599407196045,0.5420815348625183,0.544211208820343,0.544853925704956,0.5466669797897339,0.561795711517334,0.5839459896087646,0.6020498275756836,0.6064813137054443","11.262557983398438"
"rag","70","15","1","10","beam","facebook/contriever",". Question: who sings the theme song for the tv show cops?","927","70_6,70_7,70_1,70_2,70_13,70_11,70_18,70_12,70_8,70_10","0.5210562944412231,0.6393316984176636,0.6560080051422119,0.6584922075271606,0.6615136861801147,0.6638271808624268,0.6725887656211853,0.680621862411499,0.6863433122634888,0.6992186307907104","8.485664367675781"
"rag","2","15","1","10","beam","facebook/contriever",". Question: when did 10 shilling note go out of circulation?","1015","2_1,2_3,2_5,2_8,2_11,2_2,2_4,2_7,2_6,2_10","0.40523284673690796,0.4317532181739807,0.43309473991394043,0.47953593730926514,0.4801640510559082,0.48673635721206665,0.4975208044052124,0.5015979409217834,0.5170259475708008,0.521019697189331","11.636402130126953"
"rag","47","15","1","10","beam","facebook/contriever",". Question: who sang the songs on walk the line?","932","47_1,47_3,47_13,47_10,47_8,47_5,47_15,47_6,47_9,47_7","0.507867693901062,0.5593587160110474,0.6151098012924194,0.645528256893158,0.6666895151138306,0.6699022650718689,0.6722624897956848,0.6748987436294556,0.6774647235870361,0.6810144782066345","10.876249313354492"
"rag","77","15","1","10","beam","facebook/contriever",". Question: who sang the song should have been a cowboy?","1017","77_1,77_5,77_6,77_7,77_9,77_11,77_2,77_17,77_10,77_16","0.4921010732650757,0.5544655323028564,0.5807192921638489,0.5842263698577881,0.589779794216156,0.6128149032592773,0.613422691822052,0.6225957274436951,0.6244182586669922,0.6256378889083862","10.20079231262207"
"rag","1","15","1","10","beam","facebook/contriever",". Question: who sang i ran all the way home?","749","1_3,1_1,1_2,1_5,1_6,1_4,1_8,1_7","0.6009569764137268,0.6250652074813843,0.6962250471115112,0.6965068578720093,0.6990230083465576,0.7332822680473328,0.7342517375946045,0.7843091487884521","11.571782112121582"
"rag","16","15","1","10","beam","facebook/contriever",". Question: what is the second largest country in asia?","989","16_1,16_2,16_7,16_18,16_5,16_17,16_8,16_15,16_4,16_6","0.48837989568710327,0.533106803894043,0.5409502387046814,0.548701822757721,0.5628913044929504,0.5654380321502686,0.5716822147369385,0.580276370048523,0.5874930620193481,0.5979891419410706","11.568272590637207"
"rag","32","15","1","10","beam","facebook/contriever",". Question: who sang the theme song for the man with the golden gun?","1019","32_2,32_3,32_10,32_8,32_15,32_9,32_1,32_11,32_12,32_4","0.5049123764038086,0.5191406011581421,0.5217592120170593,0.5224823355674744,0.5453766584396362,0.5549499988555908,0.5686413049697876,0.5839129686355591,0.594976544380188,0.5958616137504578","8.564922332763672"
"rag","54","15","1","10","beam","facebook/contriever",". Question: where does the last name roberts come from?","626","54_1,54_5,54_6,54_2,54_4,54_3,54_7","0.44743460416793823,0.5438026189804077,0.5699359178543091,0.592573881149292,0.6124227046966553,0.6987707018852234,0.6996117830276489","11.55152702331543"
"rag","83","15","1","10","beam","facebook/contriever",". Question: what type of plate boundary is associated with iceland and its volcanic eruptions?","1021","83_1,83_2,83_21,83_23,83_13,83_8,83_10,83_14,83_16,83_17","0.4403124451637268,0.48810577392578125,0.4939342737197876,0.5189255475997925,0.5195068120956421,0.531902551651001,0.5325014591217041,0.5445953011512756,0.5487229824066162,0.5491024851799011","10.982016563415527"
"rag","51","15","1","10","beam","facebook/contriever",". Question: who is the captain of richmond football club?","867","51_9,51_1,51_6,51_4,51_3,51_2,51_8,51_7,51_5","0.39997655153274536,0.46011537313461304,0.4837457537651062,0.5264520645141602,0.5512321591377258,0.5558432936668396,0.5633018612861633,0.6757981777191162,0.7004004716873169","9.065654754638672"
"rag","80","15","1","10","beam","facebook/contriever",". Question: what's the difference between salisbury steak and hamburger steak?","1020","80_1,80_7,80_5,80_19,80_12,80_10,80_4,80_9,80_13,80_8","0.3693258762359619,0.44551002979278564,0.4477558135986328,0.46517813205718994,0.47543513774871826,0.5145233869552612,0.5360621213912964,0.5397025346755981,0.5609877109527588,0.5631297826766968","13.665042877197266"
"rag","79","15","1","10","beam","facebook/contriever",". Question: where is the heart of palm on a palm tree?","1016","79_1,79_5,79_6,79_2,79_10,79_4,79_9,79_3,79_8,79_7","0.45832741260528564,0.47340983152389526,0.5016918182373047,0.507787823677063,0.5421129465103149,0.5522192120552063,0.5693743228912354,0.5750958323478699,0.5790016651153564,0.757337212562561","15.992624282836914"
"rag","61","15","1","10","beam","facebook/contriever",". Question: who won the 10m air pistol gold medal at commonwealth shooting championship in brisbane australia?","1028","61_10,61_7,61_9,61_8,61_11,61_12,61_3,61_13,61_4,61_2","0.461087167263031,0.46948230266571045,0.47119414806365967,0.49792414903640747,0.5113682746887207,0.5331850051879883,0.5641102194786072,0.5653994083404541,0.5677698850631714,0.5710968971252441","4.59536075592041"
"rag","46","15","1","10","beam","facebook/contriever",". Question: how old do you have to be to get a gun licence in nz?","1018","46_1,46_11,46_5,46_2,46_13,46_12,46_8,46_3,46_7,46_4","0.3767968416213989,0.437320351600647,0.45604532957077026,0.47095435857772827,0.47284919023513794,0.4851735830307007,0.49933940172195435,0.5286576747894287,0.5518991947174072,0.5564361214637756","12.994046211242676"
"rag","65","15","1","10","beam","facebook/contriever",". Question: what is the meaning of gorakh dhanda in urdu?","836","65_7,65_2,65_5,65_6,65_8,65_4,65_1,65_9,65_3","0.5661785006523132,0.5760089159011841,0.5931627154350281,0.6085216999053955,0.613683819770813,0.6322332620620728,0.655095100402832,0.668519914150238,0.6791914701461792","10.191941261291504"
"rag","29","15","1","10","beam","facebook/contriever",". Question: when did the song things that make you go hmmm come out?","1018","29_2,29_3,29_1,29_13,29_10,29_9,29_11,29_15,29_18,29_12","0.5088328719139099,0.5987870693206787,0.6020205020904541,0.6115826368331909,0.6531728506088257,0.6820964217185974,0.6905432939529419,0.6910786032676697,0.7079871892929077,0.708019495010376","9.75031566619873"
"rag","98","15","1","10","beam","facebook/contriever",". Question: cast of the have and have nots play?","971","98_1,98_13,98_17,98_14,98_16,98_12,98_15,98_18,98_11,98_8","0.5549885630607605,0.5582758188247681,0.6155998706817627,0.6584373712539673,0.662044882774353,0.663425624370575,0.6981796026229858,0.7379648685455322,0.754793643951416,0.7679874300956726","9.227603912353516"
"rag","8","15","1","10","beam","facebook/contriever",". Question: where does the last name orozco originate from?","584","8_1,8_3,8_4,8_5,8_2,8_6","0.3877754211425781,0.43705952167510986,0.44946998357772827,0.49641168117523193,0.5254000425338745,0.6530329585075378","9.834872245788574"
"rag","58","15","1","10","beam","facebook/contriever",". Question: what is the name of india pakistan border?","1016","58_6,58_7,58_1,58_10,58_8,58_5,58_2,58_16,58_12,58_3","0.37206584215164185,0.39208441972732544,0.4206405282020569,0.47870171070098877,0.4801425337791443,0.4913964867591858,0.4947187304496765,0.5087805986404419,0.5235514640808105,0.5243295431137085","16.100427627563477"
"rag","11","15","1","10","beam","facebook/contriever",". Question: which british city is farthest from the sea?","949","11_13,11_12,11_14,11_18,11_3,11_1,11_11,11_4,11_16,11_15","0.6398863792419434,0.6422792077064514,0.6513012051582336,0.6537728309631348,0.6894494295120239,0.6994072794914246,0.7000843286514282,0.7027655839920044,0.7028249502182007,0.7065912485122681","11.15611457824707"
"rag","35","15","1","10","beam","facebook/contriever",". Question: who played mrs warboys in one foot in the grave?","969","35_1,35_5,35_4,35_6,35_7,35_3,35_14,35_2,35_12,35_9","0.5576386451721191,0.5790178179740906,0.5979528427124023,0.6568610072135925,0.6691839694976807,0.6830754280090332,0.6877681016921997,0.687951385974884,0.6951191425323486,0.6978694200515747","8.657609939575195"
"rag","19","15","1","10","beam","facebook/contriever",". Question: who stepped out of the dithyrambic chorus to become the first actor?","963","19_2,19_9,19_6,19_3,19_7,19_11,19_5,19_12,19_15,19_4","0.5073002576828003,0.5912183523178101,0.5953037738800049,0.5975645780563354,0.6054949760437012,0.6069165468215942,0.6499296426773071,0.6641291379928589,0.6667817831039429,0.6778969764709473","16.559293746948242"
"rag","40","15","1","10","beam","facebook/contriever",". Question: where was the salvation army's christmas collection kettle first introduced?","1016","40_3,40_11,40_12,40_1,40_10,40_6,40_9,40_5,40_2,40_8","0.45505261421203613,0.5270053148269653,0.5294070243835449,0.5340111255645752,0.562982439994812,0.5639479756355286,0.5659981369972229,0.5748348236083984,0.5749061107635498,0.5860055685043335","18.499120712280273"
"rag","82","15","1","10","beam","facebook/contriever",". Question: sequel to a christmas story it runs in the family?","981","82_12,82_14,82_3,82_15,82_13,82_5,82_1,82_18,82_10,82_2","0.5432683229446411,0.5653284788131714,0.6010863780975342,0.6194720268249512,0.622188150882721,0.6424201726913452,0.651305079460144,0.6570767164230347,0.6641629934310913,0.6800000667572021","12.337952613830566"
"rag","4","15","1","10","beam","facebook/contriever",". Question: where was because i could not stop for death published?","1007","4_1,4_13,4_7,4_6,4_11,4_15,4_16,4_12,4_5,4_9","0.47387176752090454,0.6061297655105591,0.6065905094146729,0.6131273508071899,0.6524392366409302,0.6604779958724976,0.7030921578407288,0.7113255262374878,0.738652229309082,0.7407885789871216","15.253851890563965"
"rag","43","15","1","10","beam","facebook/contriever",". Question: where does kfc get their chicken in south africa?","748","43_2,43_1,43_6,43_7,43_4,43_3,43_5,43_8","0.3972526788711548,0.404877245426178,0.4317370653152466,0.4374939203262329,0.4838799238204956,0.5780940651893616,0.5954575538635254,0.6859664916992188","10.50014877319336"
"rag","88","15","1","10","beam","facebook/contriever",". Question: who won the super heavyweight gold medal at the 2000 olympics?","1013","88_10,88_1,88_11,88_12,88_2,88_3,88_6,88_5,88_4,88_9","0.4138599634170532,0.48086708784103394,0.532271683216095,0.541576623916626,0.5468766689300537,0.5915598273277283,0.6357477903366089,0.654464840888977,0.6993712186813354,0.7335240244865417","7.84920072555542"
"rag","28","15","1","10","beam","facebook/contriever",". Question: when did men's curling start in the olympics?","1011","28_1,28_15,28_13,28_14,28_8,28_4,28_9,28_12,28_2,28_19","0.4311842918395996,0.4570472240447998,0.4773945212364197,0.489759624004364,0.5240054726600647,0.5460489988327026,0.5567455291748047,0.5737303495407104,0.5878005027770996,0.5898867845535278","9.691960334777832"
"rag","10","15","1","10","beam","facebook/contriever",". Question: which state is the richest state in nigeria?","630","10_1,10_5,10_2,10_3,10_4,10_6,10_7","0.4579138159751892,0.4825681447982788,0.5082469582557678,0.5194764733314514,0.5299779772758484,0.5454380512237549,0.6528803110122681","6.482219219207764"
"rag","37","15","1","10","beam","facebook/contriever",". Question: who wrote if she knew what she wants?","896","37_1,37_2,37_8,37_3,37_7,37_9,37_4,37_5,37_6","0.5365482568740845,0.6261509656906128,0.6893088817596436,0.7634285092353821,0.7677726745605469,0.7688067555427551,0.7783534526824951,0.7891483902931213,0.847026526927948","8.13845443725586"
"rag","86","15","1","10","beam","facebook/contriever",". Question: where was the film coming home for christmas filmed?","1008","86_9,86_2,86_8,86_1,86_7,86_3,86_10,86_6,86_4,86_5","0.5487402677536011,0.5764775276184082,0.580856442451477,0.5923451781272888,0.6568474769592285,0.6571280360221863,0.6933366060256958,0.729226291179657,0.730006217956543,0.7718522548675537","12.280829429626465"
"rag","5","15","1","10","beam","facebook/contriever",". Question: who plays the mother of howard on big bang theory?","925","5_5,5_8,5_4,5_2,5_3,5_6,5_11,5_1,5_7,5_9","0.4979088306427002,0.5532597303390503,0.5951125621795654,0.6225472092628479,0.6791752576828003,0.6844442486763,0.6891257762908936,0.6942249536514282,0.7238248586654663,0.7490976452827454","8.261473655700684"
"rag","94","15","1","10","beam","facebook/contriever",". Question: who was the dj on in living color?","923","94_6,94_1,94_7,94_13,94_12,94_8,94_4,94_3,94_14,94_5","0.5893444418907166,0.6066750288009644,0.6313779354095459,0.6457780599594116,0.64698725938797,0.6535338759422302,0.6598037481307983,0.6615221500396729,0.6736918687820435,0.6808404326438904","10.499677658081055"
"rag","56","15","1","10","beam","facebook/contriever",". Question: when did the granite mountain hotshots get certified?","991","56_8,56_4,56_5,56_13,56_2,56_11,56_7,56_9,56_1,56_10","0.5394363403320312,0.5654101967811584,0.6067185401916504,0.6504795551300049,0.6630733609199524,0.6702307462692261,0.6702594757080078,0.6776992678642273,0.697223424911499,0.7060818672180176","10.232733726501465"
"rag","6","15","1","10","beam","facebook/contriever",". Question: who has been appointed as the election commissioner of india?","1017","6_1,6_5,6_2,6_14,6_11,6_17,6_19,6_18,6_3,6_8","0.38595956563949585,0.4014461636543274,0.4675925374031067,0.4853944778442383,0.5030597448348999,0.5072023868560791,0.5085165500640869,0.5097748637199402,0.5195120573043823,0.5223868489265442","11.515356063842773"
"rag","76","15","1","10","beam","facebook/contriever",". Question: what is the ultimate objective of financial management?","1014","76_11,76_6,76_9,76_8,76_7,76_12,76_13,76_14,76_16,76_10","0.40807515382766724,0.4335017204284668,0.4605259895324707,0.47010135650634766,0.5043997764587402,0.508918285369873,0.5095903873443604,0.5159716606140137,0.5292083024978638,0.5338183045387268","29.18491554260254"
"rag","72","15","1","10","beam","facebook/contriever",". Question: new movie of ajay devgan and sonakshi sinha?","1018","72_10,72_3,72_1,72_20,72_4,72_11,72_9,72_7,72_19,72_21","0.4864232540130615,0.5410165786743164,0.5541139841079712,0.5609855651855469,0.5758437514305115,0.5861110687255859,0.6114391088485718,0.6150366067886353,0.6151615977287292,0.6189594864845276","11.359936714172363"
"rag","85","15","1","10","beam","facebook/contriever",". Question: who kidnapped ben in the deep end of the ocean?","1017","85_1,85_3,85_12,85_7,85_13,85_8,85_10,85_14,85_11,85_4","0.5682147741317749,0.5716963410377502,0.6199930310249329,0.6404622197151184,0.6477056741714478,0.6625626087188721,0.6668903827667236,0.6748340725898743,0.6772933602333069,0.7026684284210205","15.34019660949707"
"rag","90","15","1","10","beam","facebook/contriever",". Question: university of michigan school of public health ranking?","1015","90_1,90_2,90_13,90_6,90_7,90_4,90_10,90_12,90_8,90_3","0.32369959354400635,0.343392014503479,0.4415053129196167,0.5075287818908691,0.5098205804824829,0.5447574853897095,0.560971736907959,0.5697299242019653,0.5850854516029358,0.5908200740814209","9.854635238647461"
"rag","48","15","1","10","beam","facebook/contriever",". Question: what is the name of the gap between two front teeth?","960","48_2,48_3,48_4,48_6,48_12,48_1,48_11,48_15,48_5,48_13","0.5006557703018188,0.5217108726501465,0.5398399233818054,0.5985797643661499,0.6199747323989868,0.6398152112960815,0.6407720446586609,0.6551470756530762,0.6718738675117493,0.7597354650497437","14.101329803466797"
"rag","0","15","1","10","beam","facebook/contriever",". Question: who plays colin on young and the restless?","1003","0_16,0_9,0_3,0_8,0_14,0_2,0_15,0_1,0_17,0_13","0.5305004119873047,0.531657338142395,0.5664886236190796,0.583329439163208,0.6105009317398071,0.6263948678970337,0.6449936628341675,0.6627494096755981,0.6689286231994629,0.6700106263160706","14.128503799438477"
"rag","49","15","1","10","beam","facebook/contriever",". Question: when was the last time tug-of-war was an official olympic sport?","947","49_1,49_3,49_9,49_5,49_4,49_7,49_11,49_6,49_2,49_8","0.42205607891082764,0.5067107677459717,0.5511687397956848,0.5720601081848145,0.5926450490951538,0.633635401725769,0.6556932330131531,0.6670068502426147,0.6688767075538635,0.6772052049636841","11.297863960266113"
"rag","95","15","1","10","beam","facebook/contriever",". Question: who is the actress who plays baker on blue bloods?","625","95_3,95_5,95_1,95_7,95_6,95_4,95_2","0.5585174560546875,0.6332496404647827,0.6646130084991455,0.732617974281311,0.7349661588668823,0.7358570694923401,0.7485285401344299","17.158660888671875"
"rag","73","15","1","10","beam","facebook/contriever",". Question: what is the function of the pericardial sac?","1008","73_5,73_3,73_10,73_2,73_4,73_9,73_11,73_18,73_8,73_13","0.3692648410797119,0.39603352546691895,0.44298380613327026,0.4624994993209839,0.46613216400146484,0.47994232177734375,0.48679202795028687,0.48723942041397095,0.48964428901672363,0.49202680587768555","12.621031761169434"
"rag","30","15","1","10","beam","facebook/contriever",". Question: who won the 2017 sports personality of the year?","1012","30_17,30_20,30_16,30_1,30_2,30_15,30_19,30_14,30_18,30_3","0.4596182107925415,0.4599056839942932,0.4770246148109436,0.48327142000198364,0.48564982414245605,0.5077155828475952,0.5082356929779053,0.5450026392936707,0.5517005324363708,0.571931004524231","8.58003044128418"
"rag","62","15","1","10","beam","facebook/contriever",". Question: when did bihar bifurcate from bengal and some parts of chota nagpur merged into bengal?","1027","62_1,62_8,62_11,62_13,62_6,62_9,62_2,62_4,62_5,62_3","0.435302197933197,0.4551202654838562,0.45592617988586426,0.4580487608909607,0.46458280086517334,0.47398751974105835,0.4993671774864197,0.5024595856666565,0.5246922969818115,0.539854884147644","10.375566482543945"
"rag","34","15","1","10","beam","facebook/contriever",". Question: what was the first capital city of australia?","932","34_1,34_10,34_3,34_8,34_2,34_5,34_6,34_4,34_11,34_12","0.44451600313186646,0.4950484037399292,0.5035004615783691,0.5040611624717712,0.5071672201156616,0.5479528307914734,0.5806441307067871,0.5873678922653198,0.618102490901947,0.6331839561462402","12.349417686462402"
"rag","99","15","1","10","beam","facebook/contriever",". Question: who is the young man in hawthorne's my kinsman major molineux?","1016","99_1,99_10,99_5,99_2,99_7,99_3,99_11,99_8,99_9,99_6","0.44509780406951904,0.4464130997657776,0.48430335521698,0.4846794605255127,0.5378232002258301,0.5435758233070374,0.5684202909469604,0.6092038154602051,0.621788501739502,0.6253858804702759","9.120616912841797"
"rag","64","15","1","10","beam","facebook/contriever",". Question: who is the authority or governing body of mca?","918","64_7,64_3,64_2,64_8,64_12,64_11,64_1,64_4,64_5,64_10","0.5308507680892944,0.6014014482498169,0.6226100325584412,0.6718587875366211,0.6736330986022949,0.6776254177093506,0.7323552966117859,0.7382527589797974,0.7396983504295349,0.7492191195487976","10.261430740356445"
"rag","3","15","1","10","beam","facebook/contriever",". Question: who invented the cornell method of note taking?","1012","3_1,3_5,3_2,3_6,3_8,3_10,3_11,3_3,3_9,3_4","0.3927508592605591,0.45599132776260376,0.4650422930717468,0.4910218119621277,0.5448510646820068,0.5647732019424438,0.5943408608436584,0.598106861114502,0.6262935400009155,0.6342781782150269","13.613384246826172"