"experiment","id","max_length","n_retrieval_docs","top_k","generation_method","embedding_id","userprompt","n_tokens","docs_ids","similarities","predicted","gold","logits","bleu","rouge","correct"
"rag","60","15","1","25","beam","sentence-transformers/facebook-dpr-ctx_encoder-single-nq-base",". Question: who sang theme song for license to kill?","1385","60_3,60_2,60_5,60_1,60_12,60_4,60_13,60_7,60_6,60_11,60_8,60_9,60_10,60_14","0.28148001432418823,0.2891436219215393,0.3221403956413269,0.3315608501434326,0.3549346327781677,0.36831557750701904,0.39026015996932983,0.39029020071029663,0.4123733639717102,0.4246164560317993,0.43276286125183105,0.4360843896865845,0.47943711280822754,0.5146607160568237",": Gladys Knight.","Gladys Knight,Gladys Knight,Gladys Knight,Gladys Knight,Gladys Knight","22.43994140625,29.291906356811523,50.494388580322266,50.55824279785156,44.32746505737305,26.55486488342285","0.07249749990681824","1","0"
"rag","23","15","1","25","beam","sentence-transformers/facebook-dpr-ctx_encoder-single-nq-base",". Question: a concave mirror can form a real image which is a copy of an object that forms?","573","23_1,23_3,23_2,23_4,23_6,23_5","0.19220435619354248,0.22677737474441528,0.24518513679504395,0.3140564560890198,0.37309712171554565,0.48554015159606934","Answer: Yes, a concave mirror can form a real image which is","inverted","44.16300582885742,13.135324478149414,44.7213134765625,50.32680130004883,48.17233657836914,50.26634979248047,55.31564712524414,60.54258728027344,53.14597702026367,56.480587005615234,58.35213088989258,48.9487419128418,44.133575439453125,61.61453628540039,55.51221466064453","0","0","0"
"rag","93","15","1","25","beam","sentence-transformers/facebook-dpr-ctx_encoder-single-nq-base",". Question: who wore number 7 for the green bay packers?","1381","93_1,93_5,93_3,93_8,93_4,93_7,93_2,93_6,93_11,93_14,93_10,93_13,93_9,93_12","0.24252992868423462,0.26831406354904175,0.2835204601287842,0.28570181131362915,0.2885425090789795,0.3054685592651367,0.3488692045211792,0.35662662982940674,0.3685595393180847,0.3695986866950989,0.3902822732925415,0.4006239175796509,0.4015311002731323,0.4463452100753784",": Reggie White wore number 7 for the Green Bay Packers.","Don Majkowski,Don Majkowski,Quarterback Don Majkowski,Quarterback Don Majkowski,Don Majkowski","39.8740348815918,38.48603820800781,26.847129821777344,32.91097640991211,32.33464431762695,27.996891021728516,49.097511291503906,31.999364852905273,34.616798400878906,51.9962272644043,60.575191497802734,53.07144546508789,52.87961959838867,36.928489685058594","0","0","0"
"rag","74","15","1","25","beam","sentence-transformers/facebook-dpr-ctx_encoder-single-nq-base",". Question: where does patience is a virtue come from?","325","74_1,74_2,74_3,74_4","0.2798388600349426,0.3585217595100403,0.4659598469734192,0.5376405715942383",": It is a proverb that has been used for centuries.","`` Psychomachia , ''","47.830810546875,45.349769592285156,48.14335632324219,58.08896255493164,45.53475570678711,49.61086654663086,36.078224182128906,44.53280258178711,48.1402473449707,45.846126556396484,40.7314453125,55.11296844482422,58.09313201904297,51.12137985229492","0","0","0"
"rag","38","15","1","25","beam","sentence-transformers/facebook-dpr-ctx_encoder-single-nq-base",". Question: who wrote ain't living long like this?","1751","38_13,38_1,38_3,38_16,38_7,38_2,38_14,38_15,38_6,38_17,38_5,38_4,38_18,38_10,38_8,38_9,38_12,38_11","0.33796799182891846,0.3506773114204407,0.3736216425895691,0.3981112837791443,0.409903883934021,0.42253077030181885,0.4240936040878296,0.4306734800338745,0.43118399381637573,0.44697749614715576,0.4692233204841614,0.4701008200645447,0.4854280948638916,0.5136325359344482,0.5197002291679382,0.530190110206604,0.5474447011947632,0.5967991352081299",": Rodney Crowell.","Rodney Crowell","31.04640769958496,31.1906795501709,48.34117889404297,50.05000305175781,53.38264846801758,41.58120346069336,34.3862190246582","0.07249749990681824","1","0"
"rag","25","15","1","25","beam","sentence-transformers/facebook-dpr-ctx_encoder-single-nq-base",". Question: who played the mom on what's eating gilbert grape?","1354","25_3,25_11,25_2,25_9,25_10,25_4,25_7,25_8,25_12,25_5,25_14,25_13,25_6,25_1","0.27983391284942627,0.33409231901168823,0.3416047692298889,0.3599191904067993,0.3770555257797241,0.3794766068458557,0.39125603437423706,0.4000352621078491,0.40045154094696045,0.45636284351348877,0.45685625076293945,0.47459620237350464,0.4906628727912903,0.4942741394042969",": darlene cates.","Darlene Cates,Darlene Cates,Darlene Cates","23.005712509155273,37.1872673034668,44.55122375488281,31.7745361328125,32.52893829345703,20.820144653320312,33.23611068725586,19.539840698242188","0","1","0"
"rag","92","15","1","25","beam","sentence-transformers/facebook-dpr-ctx_encoder-single-nq-base",". Question: where do secondary xylem and phloem cells arise from?","2033","92_3,92_4,92_1,92_5,92_6,92_11,92_2,92_7,92_10,92_18,92_12,92_8,92_17,92_9,92_13,92_19,92_14,92_15,92_16,92_20,92_21","0.21709847450256348,0.24563056230545044,0.24764078855514526,0.2556039094924927,0.25686538219451904,0.2595810890197754,0.27737051248550415,0.27790164947509766,0.2787284851074219,0.28260111808776855,0.30176788568496704,0.307087242603302,0.3352077007293701,0.33837366104125977,0.3490687608718872,0.40879935026168823,0.4343986511230469,0.48535215854644775,0.4880213737487793,0.5801756978034973,0.5995044112205505","","The vascular cambium,the vascular cambium,the vascular cambium,the vascular cambium","45.784358978271484","0","0","0"
"rag","52","15","1","25","beam","sentence-transformers/facebook-dpr-ctx_encoder-single-nq-base",". Question: who added a press room to the white house?","1733","52_2,52_5,52_4,52_1,52_6,52_11,52_3,52_7,52_9,52_12,52_13,52_17,52_15,52_10,52_14,52_18,52_8,52_16","0.25537604093551636,0.26569467782974243,0.2696954011917114,0.28285467624664307,0.30180931091308594,0.30404746532440186,0.30950772762298584,0.32787126302719116,0.33300697803497314,0.3609691262245178,0.3746108412742615,0.3815489411354065,0.38972771167755127,0.40644657611846924,0.4390330910682678,0.4701533317565918,0.47324585914611816,0.5933111310005188","The White House has a long history of press briefings, dating back","President Richard Nixon,President Richard Nixon,Richard Nixon,Richard Nixon,President Richard Nixon","43.511539459228516,13.939592361450195,53.49018859863281,61.394248962402344,42.73402404785156,51.628639221191406,48.9770393371582,57.989158630371094,57.14305877685547,50.40706253051758,40.06944274902344,59.655181884765625,54.94895553588867,50.10911178588867,65.45866394042969","0","0","0"
"rag","91","15","1","25","beam","sentence-transformers/facebook-dpr-ctx_encoder-single-nq-base",". Question: nodding your head no is an example of?","1469","91_7,91_2,91_5,91_6,91_3,91_4,91_8,91_1,91_10,91_13,91_14,91_9,91_12,91_11,91_15","0.2760632038116455,0.28564751148223877,0.2937358617782593,0.2961731553077698,0.29850542545318604,0.3058798313140869,0.31385886669158936,0.34642529487609863,0.4305315613746643,0.4600883722305298,0.47087693214416504,0.48537176847457886,0.4924051761627197,0.5536893010139465,0.5689358115196228","Nodding your head no is an example of a nonverbal","a gesture","25.165802001953125,12.219099044799805,22.93655014038086,36.02526092529297,31.247356414794922,54.0443000793457,43.11440658569336,27.8038387298584,39.16836166381836,49.65887451171875,33.890079498291016,29.32839584350586,39.4381103515625,44.862396240234375,21.39006233215332","0.023457495174891017","0.16666666666666669","0"
"rag","33","15","1","25","beam","sentence-transformers/facebook-dpr-ctx_encoder-single-nq-base",". Question: who sings the theme tune to mum on bbc2?","1674","33_1,33_15,33_3,33_14,33_2,33_16,33_12,33_13,33_8,33_17,33_4,33_9,33_7,33_5,33_10,33_6,33_11","0.3727104663848877,0.3785351514816284,0.3848903775215149,0.3876951336860657,0.3877555727958679,0.3943830728530884,0.4260103106498718,0.44368016719818115,0.4494550824165344,0.4511259198188782,0.45603513717651367,0.4708687663078308,0.48656702041625977,0.4957541227340698,0.5212118029594421,0.5227824449539185,0.5303481817245483","Mum ( TV series ) - Wikipedia Mum ( TV series ) Jump","Lulu and the Lampshades,Lulu and the Lampshades,Lulu and the Lampshades,Lulu and the Lampshades,Lulu and the Lampshades","38.40174102783203,13.574969291687012,39.919437408447266,19.267677307128906,23.6468505859375,41.28602981567383,32.95912551879883,21.510528564453125,42.04911422729492,32.860023498535156,24.686304092407227,35.3004264831543,35.46784210205078,40.3155632019043,45.44351577758789","0","0","0"
"rag","68","15","1","25","beam","sentence-transformers/facebook-dpr-ctx_encoder-single-nq-base",". Question: who played the detective in little boy blue?","1282","68_1,68_5,68_11,68_10,68_9,68_7,68_2,68_6,68_3,68_8,68_12,68_13,68_4","0.3535100221633911,0.44899725914001465,0.4617993235588074,0.47986364364624023,0.4832586646080017,0.5068370699882507,0.5113469958305359,0.5196343660354614,0.5221413373947144,0.5224955677986145,0.5387197136878967,0.5479577779769897,0.5488222241401672",": Stephen Graham played Detective Superintendent Dave Kelly in the ITV drama series","Stephen Graham,Stephen Graham,Stephen Graham,Stephen Graham,Stephen Graham","43.21183395385742,40.1002197265625,47.82294464111328,57.273773193359375,35.66950607299805,60.98185729980469,44.62184143066406,59.4283332824707,61.486297607421875,54.59807205200195,56.623077392578125,42.03179168701172,52.73591995239258,37.16035842895508,50.976051330566406","0.044249674106354955","0.2857142857142857","0"
"rag","31","15","1","25","beam","sentence-transformers/facebook-dpr-ctx_encoder-single-nq-base",". Question: when was the first horrid henry book written?","2033","31_1,31_2,31_13,31_20,31_17,31_14,31_8,31_4,31_12,31_6,31_10,31_18,31_15,31_9,31_19,31_21,31_7,31_5,31_11,31_3,31_16","0.27720916271209717,0.29078972339630127,0.32342052459716797,0.3517874479293823,0.3563882112503052,0.3778488039970398,0.38831692934036255,0.3920735716819763,0.39905476570129395,0.4029166102409363,0.4097942113876343,0.4139275550842285,0.41464948654174805,0.4151608347892761,0.4188199043273926,0.42891526222229004,0.42995935678482056,0.43493926525115967,0.4407515525817871,0.4502870440483093,0.4513168931007385","","published in 1994,1994,1994,in 1994,1994","43.27286148071289,31.074954986572266","0","0","0"
"rag","81","15","1","25","beam","sentence-transformers/facebook-dpr-ctx_encoder-single-nq-base",". Question: who plays grace in the secret life of the american teenager?","1608","81_3,81_9,81_4,81_2,81_8,81_7,81_6,81_11,81_10,81_1,81_5,81_12,81_15,81_13,81_16,81_14","0.22105461359024048,0.27928435802459717,0.3060317039489746,0.3171535134315491,0.3465456962585449,0.3511688709259033,0.35165172815322876,0.37773287296295166,0.39086222648620605,0.40233588218688965,0.4063264727592468,0.4587458372116089,0.4649267792701721,0.4878584146499634,0.5003218650817871,0.5236141681671143",": megan park.","Megan Park,Megan Park,Megan Park,Megan Park,Megan Park","20.630813598632812,31.763729095458984,33.16397476196289,31.02049446105957,28.62095069885254,23.256092071533203","0","1","0"
"rag","63","15","1","25","beam","sentence-transformers/facebook-dpr-ctx_encoder-single-nq-base",". Question: who has won the canada open women's doubles?","2033","63_2,63_1,63_23,63_24,63_4,63_22,63_16,63_12,63_13,63_6,63_14,63_8,63_11,63_9,63_5,63_7,63_25,63_17,63_10,63_19,63_15,63_21,63_3,63_18,63_20","0.3157445192337036,0.31920361518859863,0.3691355586051941,0.3994647264480591,0.4241589307785034,0.5401074886322021,0.5711405873298645,0.5779445171356201,0.5831884145736694,0.5907719731330872,0.5915184020996094,0.5991628766059875,0.600791871547699,0.6022627949714661,0.6230101585388184,0.6317752599716187,0.6354609727859497,0.6374176740646362,0.6383600234985352,0.6386421322822571,0.6413400769233704,0.6417573690414429,0.6430789232254028,0.6440426111221313,0.6466455459594727"," Saina Nehwal","Mayu Matsumoto,Wakana Nagahara,Mayu Matsumoto,Wakana Nagahara","24.969322204589844,46.27766036987305,25.93255043029785,30.716434478759766,45.17760467529297,26.875240325927734,31.14984703063965,45.264068603515625,26.747648239135742","0","0","0"
"rag","45","15","1","25","beam","sentence-transformers/facebook-dpr-ctx_encoder-single-nq-base",". Question: where does the last name waller come from?","1095","45_10,45_1,45_5,45_9,45_2,45_8,45_3,45_7,45_11,45_4,45_6","0.29629606008529663,0.3463812470436096,0.3845042586326599,0.3963647484779358,0.4021991491317749,0.4097904562950134,0.4112575650215149,0.4192694425582886,0.42072635889053345,0.4355695843696594,0.4382835030555725","Waller ( surname ) Jump to : navigation, search Waller is","Anglo - Saxon origin","38.40761184692383,14.736677169799805,51.403564453125,30.495487213134766,26.879318237304688,38.79445266723633,45.626197814941406,47.901451110839844,43.292686462402344,35.24402618408203,45.40129852294922,27.98466682434082,54.26545333862305,45.17876434326172,37.8455810546875","0","0","0"
"rag","53","15","1","25","beam","sentence-transformers/facebook-dpr-ctx_encoder-single-nq-base",". Question: who wrote how do you do it by gerry and the pacemakers?","1240","53_1,53_2,53_10,53_11,53_4,53_3,53_5,53_6,53_9,53_8,53_7,53_12,53_13","0.3249891400337219,0.3333404064178467,0.37932634353637695,0.3853614330291748,0.4075671434402466,0.41302943229675293,0.4188575744628906,0.4198111295700073,0.43933308124542236,0.44679802656173706,0.5008432865142822,0.5033719539642334,0.5526936054229736",": the song was written by mitch murray.","Mitch Murray,Mitch Murray,Mitch Murray,Mitch Murray","32.99628448486328,36.016021728515625,51.206180572509766,46.19211959838867,56.15842056274414,54.407257080078125,58.28031921386719,51.78205108642578,30.532291412353516,33.98237991333008,33.48005294799805,36.22417068481445","0","0.4444444444444445","0"
"rag","67","15","1","25","beam","sentence-transformers/facebook-dpr-ctx_encoder-single-nq-base",". Question: what type of reproduction do whiptail lizards use?","1259","67_8,67_5,67_4,67_1,67_10,67_7,67_6,67_11,67_9,67_3,67_2,67_13,67_12","0.25891292095184326,0.2697563171386719,0.2717457413673401,0.3344873785972595,0.3538902997970581,0.35483038425445557,0.3571826219558716,0.36102229356765747,0.3667601943016052,0.3795087933540344,0.3833881616592407,0.43206340074539185,0.4542754888534546",") sexual B) asexual C) parthenogenic D) ov","parthenogenesis,Parthenogenesis,Parthenogenesis,parthenogenic,parthenogenesis","32.622135162353516,30.93779182434082,28.97088623046875,31.687084197998047,28.043155670166016,31.295358657836914,31.013256072998047,42.718421936035156,30.892662048339844,22.529090881347656,27.789905548095703,18.598331451416016,45.2571907043457,33.74689865112305,21.003122329711914","0.028599617161713803","0.05","0"
"rag","78","15","1","25","beam","sentence-transformers/facebook-dpr-ctx_encoder-single-nq-base",". Question: who sings i don't want to be lonely?","1261","78_1,78_11,78_3,78_7,78_12,78_4,78_8,78_2,78_9,78_5,78_6,78_13,78_10","0.28906768560409546,0.29717862606048584,0.307531476020813,0.3942386507987976,0.3966297507286072,0.40684235095977783,0.40758395195007324,0.4149932861328125,0.4252181649208069,0.44102323055267334,0.46764230728149414,0.4786900281906128,0.4962349534034729",": ronnie dyson, the main ingredient, and regine","Ronnie Dyson","43.998138427734375,40.51421356201172,41.616065979003906,31.6429500579834,30.192951202392578,18.761749267578125,35.33407974243164,36.70859909057617,34.09474563598633,34.910011291503906,21.625120162963867,41.03307342529297,36.154876708984375,38.548343658447266,33.78357696533203","0","0.4444444444444445","0"
"rag","27","15","1","25","beam","sentence-transformers/facebook-dpr-ctx_encoder-single-nq-base",". Question: who wrote song what a friend we have in jesus?","2033","27_1,27_3,27_6,27_2,27_14,27_17,27_18,27_19,27_4,27_10,27_5,27_15,27_20,27_22,27_11,27_9,27_13,27_12,27_7,27_21,27_8,27_16","0.19161003828048706,0.2610325813293457,0.3159654140472412,0.32494109869003296,0.32536250352859497,0.3261476755142212,0.33628517389297485,0.35668444633483887,0.36038637161254883,0.3615148663520813,0.3769330382347107,0.37853485345840454,0.38930439949035645,0.3900686502456665,0.4187859296798706,0.41954195499420166,0.42887163162231445,0.43086493015289307,0.44263648986816406,0.47023582458496094,0.4872626066207886,0.5126348733901978",". Retrieved March 13, 2015. Jump up ^ The New York","Joseph M. Scriven,Joseph M. Scriven,Joseph M. Scriven,Charles Crozat Converse,William Bolcom,Joseph M. Scriven,Charles Crozat Converse","64.78282165527344,52.92125701904297,43.43299865722656,25.427928924560547,47.845054626464844,62.99941635131836,61.13262176513672,60.236881256103516,45.91374969482422,40.18418884277344,46.01148223876953,26.415569305419922,33.325401306152344,46.73357009887695,30.486858367919922","0","0","0"
"rag","39","15","1","25","beam","sentence-transformers/facebook-dpr-ctx_encoder-single-nq-base",". Question: who is the original singer of just when i needed you most?","1846","39_3,39_2,39_10,39_1,39_8,39_9,39_6,39_4,39_11,39_5,39_18,39_14,39_16,39_17,39_12,39_13,39_15,39_19,39_7","0.26820749044418335,0.27186864614486694,0.2754986882209778,0.2869419455528259,0.30427342653274536,0.35297340154647827,0.3686368465423584,0.3715851306915283,0.3866531252861023,0.40041548013687134,0.4297400712966919,0.44773268699645996,0.4513528347015381,0.46533650159835815,0.4655701518058777,0.4963032007217407,0.5239296555519104,0.5530062913894653,0.5551653504371643","Just When I Needed You Most - Wikipedia
Just When I Ne","Randy VanWarmer,Randy VanWarmer,Randy VanWarmer,Randy VanWarmer","41.90122604370117,13.436877250671387,52.611549377441406,60.205718994140625,41.257957458496094,32.54667282104492,56.71889114379883,45.87455749511719,19.526180267333984,32.84425354003906,23.185317993164062,17.908830642700195,51.661338806152344,59.068111419677734,38.75123596191406","0","0","0"
"rag","69","15","1","25","beam","sentence-transformers/facebook-dpr-ctx_encoder-single-nq-base",". Question: what allows chyme to enter the small intestine?","1173","69_8,69_5,69_7,69_6,69_4,69_3,69_2,69_9,69_1,69_10,69_12,69_11","0.24135851860046387,0.24411368370056152,0.24677526950836182,0.254285991191864,0.2604266405105591,0.2995229959487915,0.3151282072067261,0.3220781087875366,0.4339406490325928,0.5105347037315369,0.5363643765449524,0.597498893737793",": the contraction of the gallbladder, which releases bile into the","pyloric valve,the pyloric valve,the pyloric valve","32.566287994384766,35.880287170410156,31.472728729248047,30.78082847595215,45.23386001586914,31.95720863342285,31.31660270690918,48.410850524902344,35.54704666137695,21.847570419311523,38.8640251159668,46.99292755126953,45.46751022338867,36.131099700927734,48.55759048461914","0.021598265052211615","0.10256410256410255","0"
"rag","42","15","1","25","beam","sentence-transformers/facebook-dpr-ctx_encoder-single-nq-base",". Question: where would the group bacteroids likely be found?","2033","42_7,42_2,42_5,42_6,42_16,42_4,42_3,42_14,42_11,42_10,42_19,42_1,42_8,42_21,42_20,42_17,42_18,42_9,42_12,42_13,42_15","0.26247942447662354,0.2969544529914856,0.3380497694015503,0.347057580947876,0.34734803438186646,0.353255033493042,0.3701251149177551,0.38603270053863525,0.39717787504196167,0.4169774651527405,0.42215824127197266,0.42523741722106934,0.4285997748374939,0.43113893270492554,0.4382626414299011,0.44448548555374146,0.453535258769989,0.45418864488601685,0.45667505264282227,0.4893075227737427,0.49124735593795776"," Retrieved March 23, 2018. Jump up ^ Bacteroides frag","human colon,human colon,the human colon,human colon","53.082275390625,46.958499908447266,25.947139739990234,34.64459228515625,55.08921432495117,52.7330322265625,58.49723815917969,49.571163177490234,39.25904083251953,45.33672332763672,24.0650577545166,41.04003143310547,24.757699966430664,20.318817138671875,32.58408737182617","0","0","0"
"rag","66","15","1","25","beam","sentence-transformers/facebook-dpr-ctx_encoder-single-nq-base",". Question: where does the last name andersen originate from?","1247","66_2,66_1,66_11,66_9,66_3,66_4,66_10,66_12,66_7,66_8,66_6,66_5,66_13","0.3228692412376404,0.3356351852416992,0.35637593269348145,0.3701801300048828,0.3767637610435486,0.3768622875213623,0.38014888763427734,0.384518027305603,0.38847625255584717,0.39317750930786133,0.41824471950531006,0.4224581718444824,0.45304185152053833","Andersen is a patronymic surname, meaning ""son of","Danish,Norwegian","48.98455047607422,13.61205768585205,42.829383850097656,46.34923553466797,21.198097229003906,46.740745544433594,40.38063430786133,29.17207145690918,36.573734283447266,39.99359130859375,41.23941421508789,43.22245407104492,50.11912536621094,38.31669616699219,53.48436737060547","0","0","0"
"rag","9","15","1","25","beam","sentence-transformers/facebook-dpr-ctx_encoder-single-nq-base",". Question: how long did the democrats control the house and senate?","880","9_3,9_4,9_1,9_6,9_2,9_7,9_5,9_8,9_9","0.17529040575027466,0.23830771446228027,0.24319946765899658,0.2684794068336487,0.2828673720359802,0.2975367307662964,0.2985647916793823,0.4113146662712097,0.42320728302001953",": from 2007 to 2011.","57 yrs,57 yrs,57 yrs,35 yrs","48.4770393371582,45.4366340637207,39.5076789855957,33.80982971191406,53.735755920410156,40.40610885620117,46.011505126953125","0","0","0"
"rag","26","15","1","25","beam","sentence-transformers/facebook-dpr-ctx_encoder-single-nq-base",". Question: who sang in the movie i walk the line?","1432","26_1,26_8,26_5,26_11,26_6,26_2,26_4,26_9,26_13,26_10,26_7,26_3,26_14,26_15,26_12","0.2854011654853821,0.33067286014556885,0.3733537197113037,0.39054274559020996,0.4094555974006653,0.4098881483078003,0.41790103912353516,0.4380265474319458,0.4563215970993042,0.45652538537979126,0.46564197540283203,0.46968597173690796,0.4983518719673157,0.5481964945793152,0.5725003480911255",": Johnny Cash.","Joaquin Phoenix,Reese Witherspoon,Waylon Payne,Johnathan Rice,Tyler Hilton,Shooter Jennings","46.39274978637695,42.77684783935547,36.9522705078125,46.72796630859375,36.50704574584961","0","0","0"
"rag","59","15","1","25","beam","sentence-transformers/facebook-dpr-ctx_encoder-single-nq-base",". Question: who is the premier of northern cape 2018?","641","59_2,59_1,59_5,59_4,59_6,59_7,59_3","0.27426719665527344,0.28925108909606934,0.3334440588951111,0.3429303765296936,0.38844728469848633,0.39921867847442627,0.42405545711517334",": the premier of northern cape is sylvia lucas.","Sylvia Lucas,Sylvia Lucas,Sylvia Lucas,Sylvia Lucas,Sylvia Lucas","47.578529357910156,42.101829528808594,36.52301788330078,52.39936447143555,45.35333251953125,61.82724380493164,35.7454719543457,31.108875274658203,45.0683708190918,27.996150970458984,28.485334396362305,39.573787689208984,30.20258331298828,32.8511962890625,35.43878173828125","0","0.4","0"
"rag","18","15","1","25","beam","sentence-transformers/facebook-dpr-ctx_encoder-single-nq-base",". Question: who owns the biggest house in beverly hills?","2033","18_2,18_1,18_9,18_15,18_16,18_8,18_20,18_18,18_12,18_21,18_19,18_6,18_4,18_17,18_11,18_3,18_14,18_7,18_13,18_5,18_22,18_10","0.2813314199447632,0.3149183392524719,0.3264949917793274,0.33128660917282104,0.34362566471099854,0.3574678897857666,0.3781595826148987,0.3926696181297302,0.3961937427520752,0.39849257469177246,0.4008021950721741,0.4101777672767639,0.4110034704208374,0.4169313311576843,0.42691099643707275,0.4477813243865967,0.4626821279525757,0.46537649631500244,0.4666104316711426,0.4673755168914795,0.516464352607727,0.538077712059021","Alike License ; additional terms may apply.","Anthony Pritzker,Anthony Pritzker,Anthony Pritzker,Anthony Pritzker","30.291948318481445,37.752071380615234,26.65235137939453,43.55244445800781,39.798683166503906,26.579111099243164,36.96007537841797,35.24082946777344,46.77941131591797,49.560115814208984","0","0","0"
"rag","89","15","1","25","beam","sentence-transformers/facebook-dpr-ctx_encoder-single-nq-base",". Question: who sings god is great beer is good?","1793","89_6,89_4,89_9,89_2,89_15,89_5,89_14,89_16,89_3,89_1,89_8,89_7,89_17,89_11,89_12,89_10,89_13,89_18","0.2977980375289917,0.35648566484451294,0.4073270559310913,0.4101245403289795,0.4124873876571655,0.420194149017334,0.42148375511169434,0.42323678731918335,0.42710936069488525,0.43164074420928955,0.432065486907959,0.4381687641143799,0.4572714567184448,0.48304033279418945,0.4856085777282715,0.4943825602531433,0.5016564130783081,0.5334573984146118",": Billy Currington.","Currington","42.564579010009766,39.7354736328125,58.504066467285156,46.706748962402344,24.326416015625,33.614078521728516","0","0.6666666666666666","0"
"rag","87","15","1","25","beam","sentence-transformers/facebook-dpr-ctx_encoder-single-nq-base",". Question: what does the air gap do on a dishwasher?","1019","87_4,87_1,87_2,87_3,87_6,87_5,87_7,87_9,87_8,87_10,87_11","0.25036489963531494,0.2542687654495239,0.25787079334259033,0.2682753801345825,0.3116148114204407,0.3157365322113037,0.35154497623443604,0.39258331060409546,0.4103565216064453,0.47005414962768555,0.5785267353057861","Air gap ( plumbing ) - wikipedia
Air gap ( plumbing )","backflow prevention","48.76586151123047,13.308794021606445,58.26868438720703,40.586185455322266,20.20244789123535,48.62693405151367,20.531204223632812,43.60784912109375,32.423797607421875,31.782276153564453,16.883018493652344,56.39933395385742,29.512630462646484,25.461580276489258,45.25017547607422","0","0","0"
"rag","97","15","1","25","beam","sentence-transformers/facebook-dpr-ctx_encoder-single-nq-base",". Question: who is the first indian climber of mount everest?","2033","97_6,97_11,97_12,97_1,97_8,97_10,97_21,97_2,97_3,97_5,97_19,97_7,97_9,97_4,97_20,97_15,97_18,97_16,97_14,97_13,97_23,97_22,97_17","0.23191195726394653,0.24118655920028687,0.24154984951019287,0.2567360997200012,0.261368989944458,0.2642892599105835,0.27404892444610596,0.2816030979156494,0.2837107181549072,0.2883179187774658,0.29847484827041626,0.3085858225822449,0.31083714962005615,0.318294882774353,0.3222859501838684,0.36287498474121094,0.36859941482543945,0.3896486759185791,0.458344042301178,0.4766525626182556,0.48346489667892456,0.48661696910858154,0.618438720703125","01 ( UTC ). By using this site, you agree to the","Bachendri Pal","46.37034606933594,54.9194221496582,51.19884490966797,45.11162567138672,50.7372932434082,35.897216796875,43.26757049560547,45.47312545776367,52.209754943847656,50.23435592651367,59.47270965576172,49.644596099853516,50.09682083129883,56.13371276855469,54.58298110961914","0","0","0"
"rag","7","15","1","25","beam","sentence-transformers/facebook-dpr-ctx_encoder-single-nq-base",". Question: what is in a pat o brien hurricane?","1416","7_5,7_4,7_1,7_6,7_14,7_3,7_2,7_15,7_9,7_10,7_13,7_11,7_12,7_7,7_8","0.4109134078025818,0.45091694593429565,0.45914608240127563,0.4599282741546631,0.4789063334465027,0.4858698844909668,0.49375396966934204,0.5173395276069641,0.5204683542251587,0.5298248529434204,0.5405668020248413,0.543128252029419,0.5500484704971313,0.5556708574295044,0.5564569234848022"," Quora.","rum,fruit juice,syrup or grenadine","37.38753128051758,25.404443740844727,27.176952362060547,19.301843643188477","0","0","0"
"rag","44","15","1","25","beam","sentence-transformers/facebook-dpr-ctx_encoder-single-nq-base",". Question: what is the name of son of lord krishna?","2033","44_17,44_5,44_2,44_7,44_6,44_10,44_3,44_14,44_11,44_8,44_13,44_4,44_16,44_9,44_19,44_18,44_15,44_1,44_12,44_20,44_21,44_22,44_23","0.23388373851776123,0.24768918752670288,0.2478373646736145,0.2666980028152466,0.2686479091644287,0.27170687913894653,0.27198290824890137,0.2783779501914978,0.28900986909866333,0.2913632392883301,0.3084864020347595,0.31035172939300537,0.31223881244659424,0.32090431451797485,0.3212597370147705,0.34641164541244507,0.364971399307251,0.3691600561141968,0.3764194846153259,0.4026651978492737,0.4334799647331238,0.5057206153869629,0.526188313961029"," Indian English from January 2016 All Wikipedia articles written in Indian English Articles containing","Pradyumna,Pradyumna,Pradyumna,Pradyumna,Pradyumna","30.634695053100586,21.969078063964844,23.360780715942383,35.33216857910156,41.634925842285156,39.85049057006836,28.32422637939453,20.83877944946289,23.041202545166016,29.62677001953125,47.01378631591797,32.743343353271484,45.390689849853516,21.993885040283203,27.06510353088379","0","0","0"
"rag","84","15","1","25","beam","sentence-transformers/facebook-dpr-ctx_encoder-single-nq-base",". Question: who played anna in once upon a time?","870","84_1,84_3,84_5,84_6,84_4,84_2,84_7,84_9,84_8","0.3124077320098877,0.32900363206863403,0.3399639129638672,0.3665354251861572,0.39129018783569336,0.44806408882141113,0.45914483070373535,0.5410239100456238,0.5808396339416504","Answer: elizabeth lail.","Elizabeth Dean Lail,Elizabeth Dean Lail,Elizabeth Dean Lail,Elizabeth Dean Lail","42.57154846191406,17.28025245666504,34.949378967285156,52.277713775634766,29.52556037902832,36.92658233642578,29.778919219970703,28.83419418334961","0","0.6666666666666666","0"
"rag","96","15","1","25","beam","sentence-transformers/facebook-dpr-ctx_encoder-single-nq-base",". Question: what is the average salary for a us congressman?","1362","96_11,96_1,96_13,96_12,96_3,96_4,96_14,96_9,96_8,96_2,96_6,96_5,96_7,96_10","0.3331069350242615,0.33995670080184937,0.354788601398468,0.3649720549583435,0.38654160499572754,0.3883318305015564,0.4086589813232422,0.45871078968048096,0.4638429880142212,0.4689171314239502,0.5126412510871887,0.5202305912971497,0.5334832668304443,0.563016414642334"," Quora The average salary for a US Congressman is $174,000","$174,000,$174,000","43.02355194091797,28.740772247314453,24.71870231628418,25.708171844482422,48.54792785644531,45.21177673339844,48.71900939941406,48.20628356933594,49.36170959472656,47.995208740234375,46.32484436035156,56.30449295043945,26.252473831176758,54.152069091796875,66.9154281616211","0.023457495174891017","0.3076923076923077","0"
"rag","15","15","1","25","beam","sentence-transformers/facebook-dpr-ctx_encoder-single-nq-base",". Question: what type of joint connects the incus with the malleus?","625","15_2,15_3,15_1,15_5,15_4,15_6,15_7","0.21770888566970825,0.2707101106643677,0.3751012086868286,0.3889254331588745,0.43364542722702026,0.4972408413887024,0.5095057487487793","A) synovial joint B) fibrous joint C) cartilagin","incudomallear joint,synovial,a small synovial joint,synovial joint","42.58074188232422,20.274967193603516,23.99092674255371,28.017309188842773,21.31627655029297,49.00998306274414,57.29685974121094,37.027042388916016,22.204395294189453,29.57122802734375,51.49985885620117,39.02947998046875,22.474544525146484,24.55790901184082,23.18853759765625","0.07122722710132624","0.3305555555555556","0"
"rag","17","15","1","25","beam","sentence-transformers/facebook-dpr-ctx_encoder-single-nq-base",". Question: when was the lupus foundation of america founded?","1329","17_1,17_2,17_13,17_4,17_9,17_5,17_6,17_3,17_10,17_7,17_8,17_11,17_12,17_14","0.23325037956237793,0.26678574085235596,0.3063517212867737,0.31293821334838867,0.3145582675933838,0.31912028789520264,0.32270562648773193,0.34280216693878174,0.35073935985565186,0.3590415120124817,0.3657130002975464,0.37794405221939087,0.4252700209617615,0.5554021000862122",": the lupus foundation of america was founded in 1977.","1977,1977,1977,1977,1977","41.531822204589844,32.68830108642578,44.751800537109375,41.233673095703125,38.832191467285156,49.986366271972656,36.61719512939453,31.767314910888672,30.83113670349121,46.8272590637207,58.09687805175781,51.4642333984375,50.28693771362305,48.30037307739258","0","0.19999999999999998","0"
"rag","41","15","1","25","beam","sentence-transformers/facebook-dpr-ctx_encoder-single-nq-base",". Question: what started the war between us and japan?","1718","41_10,41_3,41_5,41_2,41_4,41_1,41_15,41_8,41_9,41_16,41_12,41_7,41_14,41_11,41_17,41_13,41_6,41_18","0.2593883275985718,0.27580881118774414,0.29334771633148193,0.30976438522338867,0.31859731674194336,0.32513904571533203,0.32944267988204956,0.3297773599624634,0.3832171559333801,0.390564501285553,0.402884840965271,0.40710777044296265,0.4221639037132263,0.4299546480178833,0.4349732995033264,0.4587365388870239,0.4929858446121216,0.5560833215713501","United States declaration of war on Japan - Wikipedia
The United States declaration","attack on Pearl Harbor,attack on Pearl Harbor","49.52865219116211,13.2200345993042,61.39701843261719,55.651283264160156,41.572052001953125,47.61890411376953,45.870826721191406,63.911231994628906,37.957584381103516,37.57744216918945,20.774757385253906,13.01560115814209,57.383949279785156,62.992557525634766,57.393558502197266","0.018724372764461875","0.125","0"
"rag","24","15","1","25","beam","sentence-transformers/facebook-dpr-ctx_encoder-single-nq-base",". Question: who sang i put a spell on you in hocus pocus?","2033","24_4,24_7,24_5,24_13,24_1,24_3,24_6,24_12,24_8,24_9,24_11,24_21,24_2,24_22,24_10,24_18,24_17,24_19,24_14,24_20,24_15,24_16,24_23","0.2890206575393677,0.3460761308670044,0.3527716398239136,0.3565462827682495,0.35788679122924805,0.3942751884460449,0.3965309262275696,0.40525346994400024,0.4089394807815552,0.41648411750793457,0.42695820331573486,0.4286574721336365,0.43003588914871216,0.43778955936431885,0.4497677683830261,0.4593092203140259,0.4642719626426697,0.48869967460632324,0.5061088800430298,0.5185998678207397,0.5403538346290588,0.5527290105819702,0.5904128551483154"," up to : Whitburn, Joel ( 2004 ). Top R&","Bette Midler,Bette Midler,Bette Midler,Bette Midler,Bette Midler","40.25371170043945,45.09671401977539,24.39610481262207,31.08974838256836,33.64803695678711,37.75136947631836,38.21720504760742,50.21389389038086,46.99761962890625,36.085079193115234,41.182472229003906,36.776710510253906,29.321279525756836,29.43556022644043,30.569087982177734","0","0","0"
"rag","21","15","1","25","beam","sentence-transformers/facebook-dpr-ctx_encoder-single-nq-base",". Question: who played jennifer in back to the future?","1429","21_3,21_7,21_2,21_4,21_8,21_10,21_6,21_12,21_5,21_13,21_11,21_9,21_1,21_14,21_15","0.2280980348587036,0.23086953163146973,0.25705647468566895,0.2986689805984497,0.3008164167404175,0.3237046003341675,0.32758378982543945,0.3493396043777466,0.3704426884651184,0.3889163136482239,0.4078361392021179,0.42489349842071533,0.497017502784729,0.5501655340194702,0.6371253132820129",": claudia wells.","Claudia Grace Wells,Claudia Grace Wells,Claudia Grace Wells,Claudia Grace Wells,Claudia Grace Wells","38.4173698425293,36.038299560546875,36.08672332763672,29.573945999145508,49.852760314941406,24.90018653869629,27.274572372436523","0","0.8","0"
"rag","22","15","1","25","beam","sentence-transformers/facebook-dpr-ctx_encoder-single-nq-base",". Question: where are the cardiac and vasomotor centers found?","849","22_1,22_2,22_3,22_4,22_8,22_7,22_5,22_9,22_6","0.3037756681442261,0.3246631622314453,0.3832945227622986,0.4431034326553345,0.4530007243156433,0.4554426670074463,0.48757028579711914,0.4977670907974243,0.5187636613845825",": in the medulla oblongata.","the medulla oblongata,medulla oblongata,medulla oblongata","39.80713653564453,41.61759948730469,35.43485641479492,34.30681610107422,25.402130126953125,26.574369430541992,34.71781921386719,25.3769474029541,32.29594039916992,34.284423828125","0.12121093525642128","0.7301587301587301","0"
"rag","50","15","1","25","beam","sentence-transformers/facebook-dpr-ctx_encoder-single-nq-base",". Question: who was the first to say i'm going to disney world?","2033","50_1,50_5,50_3,50_10,50_17,50_7,50_6,50_4,50_11,50_2,50_15,50_18,50_9,50_20,50_12,50_13,50_14,50_19,50_16,50_21,50_8","0.29371511936187744,0.32046782970428467,0.33515822887420654,0.3414791226387024,0.3586220145225525,0.3599410653114319,0.3674394488334656,0.3741072416305542,0.3796340227127075,0.3864121437072754,0.3904625177383423,0.4132094383239746,0.4260129928588867,0.42769157886505127,0.43027204275131226,0.4387420415878296,0.4494810700416565,0.461234450340271,0.47082340717315674,0.47503435611724854,0.4768030643463135","I'm going to Disney World""? - Quora I'm going to","Phil Simms,Dick Rutan,Jeana Yeager","57.117347717285156,49.35282897949219,58.98046112060547,66.17318725585938,52.261009216308594,65.93721008300781,59.530582427978516,54.512237548828125,36.28141784667969,29.59320640563965,23.26151466369629,39.91994094848633,52.59696960449219,60.97154235839844,47.29310989379883","0","0","0"
"rag","12","15","1","25","beam","sentence-transformers/facebook-dpr-ctx_encoder-single-nq-base",". Question: who sings the whiskey ain't workin anymore?","1836","12_1,12_3,12_16,12_14,12_12,12_13,12_2,12_4,12_8,12_9,12_17,12_15,12_11,12_10,12_5,12_6,12_7,12_18,12_19","0.2984756827354431,0.32897424697875977,0.34141749143600464,0.367271363735199,0.3694617748260498,0.3724735975265503,0.39245831966400146,0.40950262546539307,0.41313666105270386,0.41781163215637207,0.41922372579574585,0.43275487422943115,0.4503234624862671,0.45679938793182373,0.4616067409515381,0.4719223976135254,0.5094338059425354,0.5412631630897522,0.6139522790908813",": Travis Tritt and Marty Stuart.","Travis Tritt,Marty Stuart,Tim Passmore,Dennis Locorriere,Travis Tritt,Travis Tritt,Travis Tritt,Marty Stuart","43.75770568847656,31.898178100585938,49.19416809082031,53.185489654541016,34.52178955078125,40.729034423828125,60.738243103027344,54.41048812866211,35.06684112548828","0.10754421249521595","0.4285714285714286","0"
"rag","20","15","1","25","beam","sentence-transformers/facebook-dpr-ctx_encoder-single-nq-base",". Question: this inventor co-created the film fred ottâ€™s sneeze?","936","20_2,20_1,20_7,20_8,20_5,20_6,20_3,20_4,20_10,20_9","0.25652849674224854,0.28172051906585693,0.3105658292770386,0.3927410840988159,0.42136627435684204,0.42615842819213867,0.45521384477615356,0.4593935012817383,0.5806642174720764,0.5903986692428589","Answer: thomas edison.","Edison,Fred Ott","28.640687942504883,13.515643119812012,34.606170654296875,29.270275115966797,26.38581657409668,32.23490905761719,32.474021911621094,26.063047409057617","0","0.25","0"
"rag","71","15","1","25","beam","sentence-transformers/facebook-dpr-ctx_encoder-single-nq-base",". Question: what goes on the bottom of shepherd's pie?","2033","71_1,71_4,71_2,71_3,71_20,71_21,71_5,71_24,71_19,71_11,71_10,71_12,71_7,71_9,71_8,71_16,71_13,71_17,71_18,71_22,71_6,71_14,71_15,71_25,71_23","0.2533304691314697,0.2598097324371338,0.27293914556503296,0.2737734317779541,0.3074737787246704,0.30972063541412354,0.318739116191864,0.3401714563369751,0.34625792503356934,0.3538978695869446,0.363220751285553,0.36595743894577026,0.37033045291900635,0.37079185247421265,0.38026708364486694,0.390389084815979,0.4055969715118408,0.42067718505859375,0.42227107286453247,0.4269905090332031,0.4300665259361267,0.43040311336517334,0.45145565271377563,0.45773959159851074,0.4722062945365906","am - Webster's Collegiate Dictionary, 11th Edition, Mer","mashed potato,minced meat,mashed potato","28.133394241333008,28.752349853515625,51.60975646972656,32.510746002197266,36.04764938354492,38.02975082397461,19.01364517211914,24.479616165161133,29.608076095581055,41.58301544189453,21.696491241455078,34.651981353759766,46.13455581665039,46.792911529541016,28.01991844177246","0","0","0"
"rag","75","15","1","25","beam","sentence-transformers/facebook-dpr-ctx_encoder-single-nq-base",". Question: who sang the most number of songs in the world?","2033","75_4,75_1,75_2,75_3,75_13,75_11,75_5,75_12,75_21,75_14,75_19,75_17,75_20,75_18,75_24,75_15,75_16,75_22,75_8,75_23,75_10,75_9,75_6,75_7","0.30589038133621216,0.3128228187561035,0.3384953737258911,0.34860140085220337,0.3959280252456665,0.42833399772644043,0.4451397657394409,0.4688858985900879,0.4835529923439026,0.4853842258453369,0.4941784739494324,0.49617457389831543,0.4965532422065735,0.5010377764701843,0.5099260807037354,0.5220304727554321,0.52675461769104,0.5337540507316589,0.5405288338661194,0.5766313076019287,0.6044586896896362,0.6387861967086792,0.6650805473327637,0.6793171167373657"," Sohail Rana, Sajjad Ali, Shahid","Asha Bhosle,Asha Bhosle","49.565773010253906,33.80836868286133,25.550146102905273,30.210613250732422,21.5584774017334,24.84150505065918,36.696929931640625,34.52177810668945,26.776519775390625,37.09476089477539,36.02432632446289,28.856138229370117,44.78999328613281,34.53589630126953,27.856826782226562","0","0","0"
"rag","57","15","1","25","beam","sentence-transformers/facebook-dpr-ctx_encoder-single-nq-base",". Question: who owns spirit of the suwannee music park?","661","57_3,57_2,57_1,57_5,57_4,57_6,57_7","0.25895559787750244,0.28570204973220825,0.2880222797393799,0.3700485825538635,0.3957739472389221,0.4720228910446167,0.5182704925537109","The Spirit of the Suwannee Music Park is a music venue and","The Cornett family,The Cornett family","47.51310348510742,16.694141387939453,59.871177673339844,57.70018768310547,59.24097442626953,61.16512680053711,34.850379943847656,34.26385498046875,56.3689079284668,61.805538177490234,40.4710693359375,55.485294342041016,31.942903518676758,44.69495391845703,58.38115310668945","0.020044994979069072","0.13333333333333333","0"
"rag","36","15","1","25","beam","sentence-transformers/facebook-dpr-ctx_encoder-single-nq-base",". Question: who is the singer of kal ho na ho?","1145","36_1,36_2,36_4,36_3,36_7,36_5,36_10,36_8,36_6,36_9,36_11,36_12","0.34062016010284424,0.34561091661453247,0.3667757511138916,0.37833720445632935,0.388954758644104,0.3961636424064636,0.4272334575653076,0.4355926513671875,0.44648754596710205,0.5088768005371094,0.5654904246330261,0.6040130853652954","Answer: the singer of kal ho na ho is sonu nig","Sonu Nigam,Sonu Nigam,Sonu Nigam,Sonu Nigam,Alka Yagnik,Richa Sharma,Sonu Nigam","43.654598236083984,14.190482139587402,34.94765853881836,49.04396438598633,56.020503997802734,54.87105941772461,63.80525588989258,35.28904724121094,42.10238265991211,34.93952941894531,27.19135856628418,48.16989517211914,46.53812026977539,37.974578857421875,30.93276596069336","0","0.1098901098901099","0"
"rag","13","15","1","25","beam","sentence-transformers/facebook-dpr-ctx_encoder-single-nq-base",". Question: what episode does marnie come back in geordie shore?","1182","13_1,13_13,13_12,13_2,13_5,13_11,13_3,13_9,13_10,13_7,13_4,13_6,13_8","0.33625054359436035,0.3506014943122864,0.3600524067878723,0.36934465169906616,0.3743082284927368,0.41058510541915894,0.42190229892730713,0.44599974155426025,0.4510117769241333,0.5069292783737183,0.5237432718276978,0.5882057547569275,0.659278154373169",": episode 3.","5","44.351661682128906,45.45236587524414,51.4100456237793,55.84270095825195,40.01034927368164","0","0","0"
"rag","55","15","1","25","beam","sentence-transformers/facebook-dpr-ctx_encoder-single-nq-base",". Question: is jaffa cakes a biscuit or a cake?","1697","55_8,55_2,55_1,55_6,55_7,55_3,55_15,55_9,55_4,55_16,55_13,55_5,55_14,55_10,55_11,55_12,55_17","0.19298255443572998,0.22525185346603394,0.23344218730926514,0.2568758726119995,0.2644885778427124,0.26761043071746826,0.28441083431243896,0.28808146715164185,0.2975624203681946,0.323624849319458,0.3436611294746399,0.3500462770462036,0.3567061424255371,0.3716021180152893,0.3825559616088867,0.4013151526451111,0.493640661239624","Jaffa cakes are a type of cake that are sold in the","cakes,Cake,biscuit - sized cakes","33.75410842895508,12.808164596557617,46.23868942260742,47.282649993896484,55.6932373046875,29.073108673095703,49.02941131591797,42.90860366821289,43.42578887939453,45.290767669677734,44.82559585571289,50.17277908325195,42.291419982910156,45.65482711791992,37.147613525390625","0.020044994979069072","0.147008547008547","0"
"rag","14","15","1","25","beam","sentence-transformers/facebook-dpr-ctx_encoder-single-nq-base",". Question: who sings love will keep us alive by the eagles?","1725","14_2,14_14,14_1,14_8,14_4,14_6,14_3,14_7,14_10,14_11,14_13,14_15,14_5,14_16,14_12,14_9,14_18,14_17","0.3252568244934082,0.3255326747894287,0.339324414730072,0.36326050758361816,0.3851444125175476,0.3911299705505371,0.39960747957229614,0.402246356010437,0.4118030071258545,0.41290271282196045,0.41456419229507446,0.4168509840965271,0.4246755838394165,0.43413835763931274,0.45217692852020264,0.4872690439224243,0.5669219493865967,0.5864995718002319","Answer: Paul Carrack","Timothy B. Schmit","44.34245300292969,14.063898086547852,32.94544982910156,42.84025573730469,59.5662841796875,37.073143005371094,34.547821044921875,32.905582427978516","0","0","0"
"rag","70","15","1","25","beam","sentence-transformers/facebook-dpr-ctx_encoder-single-nq-base",". Question: who sings the theme song for the tv show cops?","1726","70_7,70_2,70_6,70_16,70_1,70_4,70_12,70_3,70_15,70_13,70_5,70_8,70_17,70_11,70_18,70_9,70_10,70_14","0.303580105304718,0.30625152587890625,0.35655927658081055,0.40887415409088135,0.41023391485214233,0.4176875948905945,0.436123251914978,0.43675607442855835,0.439977765083313,0.44698721170425415,0.457286536693573,0.461834192276001,0.46828538179397583,0.4724324941635132,0.47321951389312744,0.47801345586776733,0.49187302589416504,0.538641095161438","Answer: the song is called bad boys and is performed by the j","Inner Circle,Inner Circle","42.52899169921875,20.507957458496094,32.506195068359375,55.06565856933594,46.384971618652344,46.33522415161133,48.4685173034668,56.71185302734375,42.56351852416992,50.25867462158203,44.248878479003906,35.047245025634766,53.73362731933594,55.86167526245117,29.42660903930664","0","0","0"
"rag","2","15","1","25","beam","sentence-transformers/facebook-dpr-ctx_encoder-single-nq-base",". Question: when did 10 shilling note go out of circulation?","1423","2_2,2_8,2_3,2_1,2_6,2_5,2_7,2_4,2_11,2_10,2_14,2_9,2_13,2_12,2_15","0.22134089469909668,0.23888123035430908,0.2677841782569885,0.2705726623535156,0.274796724319458,0.2761111855506897,0.3281751871109009,0.33996009826660156,0.34402722120285034,0.3446107506752014,0.3625906705856323,0.37541520595550537,0.39660924673080444,0.40134507417678833,0.6270389556884766","Retrieved from ""https://en.","22 November 1970,1970,1970,1970,1970","44.440773010253906,14.188809394836426,28.480010986328125,39.26585006713867,32.73841094970703,23.171714782714844,27.555055618286133,28.910367965698242,26.906641006469727","0","0","0"
"rag","47","15","1","25","beam","sentence-transformers/facebook-dpr-ctx_encoder-single-nq-base",". Question: who sang the songs on walk the line?","1431","47_1,47_8,47_5,47_11,47_2,47_4,47_6,47_9,47_13,47_14,47_3,47_7,47_10,47_15,47_12","0.3016244173049927,0.3731786608695984,0.4050689935684204,0.4101297855377197,0.4181642532348633,0.4397011399269104,0.46566933393478394,0.4680138826370239,0.47463786602020264,0.4954856038093567,0.4960399866104126,0.4990859031677246,0.5037068128585815,0.5086681842803955,0.5690937042236328",": Joaquin Phoenix and Reese Witherspoon.","Joaquin Phoenix,Reese Witherspoon,Waylon Payne,Johnathan Rice,Tyler Hilton,Shooter Jennings,Joaquin Phoenix,Reese Witherspoon,Waylon Payne,Johnathan Rice,Tyler Hilton,Shooter Jennings","44.79566955566406,42.50322723388672,40.22921371459961,47.17200469970703,38.760807037353516,58.01871109008789,39.6988525390625,49.45257568359375,38.56336212158203,42.64727783203125,39.777732849121094,38.4380989074707,25.215377807617188,40.466224670410156","0.10754421249521595","0.1904761904761905","0"
"rag","77","15","1","25","beam","sentence-transformers/facebook-dpr-ctx_encoder-single-nq-base",". Question: who sang the song should have been a cowboy?","2033","77_1,77_5,77_6,77_4,77_2,77_14,77_7,77_3,77_9,77_11,77_12,77_19,77_15,77_13,77_17,77_18,77_16,77_10,77_20,77_21,77_8","0.29738008975982666,0.3072405457496643,0.34009218215942383,0.35332387685775757,0.3595488667488098,0.36388540267944336,0.38247787952423096,0.38561439514160156,0.3868173360824585,0.41455960273742676,0.42788106203079224,0.43164944648742676,0.45560145378112793,0.4556627869606018,0.4589970111846924,0.4606136083602905,0.4626341462135315,0.4851497411727905,0.501502513885498,0.5105647444725037,0.5305857062339783"," Toby Keith - Should've Been a Cowboy ''.","Toby Keith,Toby Keith,Toby Keith","21.516925811767578,33.43995666503906,41.071773529052734,59.253570556640625,24.782182693481445,28.262489318847656,51.7617301940918,50.13319396972656,39.82585906982422,36.362178802490234,49.29702377319336,62.44001388549805,49.817840576171875,30.30579376220703,21.531675338745117","0.07122722710132624","0.4444444444444445","0"
"rag","1","15","1","25","beam","sentence-transformers/facebook-dpr-ctx_encoder-single-nq-base",". Question: who sang i ran all the way home?","749","1_1,1_2,1_3,1_4,1_5,1_7,1_8,1_6","0.30940955877304077,0.3197031021118164,0.3570312261581421,0.44695723056793213,0.5234015583992004,0.5349372029304504,0.5603200793266296,0.5905035734176636",": sorry, i ran all the way home was recorded by the imp","The Impalas,The Impalas,The Impalas,The Impalas,The Impalas","45.78679275512695,46.60910415649414,41.757568359375,39.1688232421875,38.41706848144531,41.68842315673828,53.87944030761719,58.03911209106445,49.26744079589844,47.03104019165039,35.89433670043945,48.432735443115234,52.99265670776367,41.76633834838867,42.825382232666016","0","0.14285714285714285","0"
"rag","16","15","1","25","beam","sentence-transformers/facebook-dpr-ctx_encoder-single-nq-base",". Question: what is the second largest country in asia?","1839","16_7,16_1,16_2,16_17,16_12,16_8,16_9,16_5,16_3,16_18,16_6,16_15,16_16,16_4,16_14,16_11,16_19,16_10,16_13","0.3070809245109558,0.32493430376052856,0.34662699699401855,0.39252328872680664,0.396554172039032,0.4136253595352173,0.42098891735076904,0.4224848747253418,0.4496094584465027,0.4499211311340332,0.4732559323310852,0.47539448738098145,0.5115568041801453,0.5151304006576538,0.526990532875061,0.5419614911079407,0.5605689883232117,0.6222747564315796,0.6765156388282776","Answer: Russia is the second largest country in Asia, with a total","China,China,China,China","46.160888671875,13.47023868560791,30.466171264648438,38.38704299926758,44.6489372253418,55.050411224365234,53.12836837768555,62.93696212768555,55.89248275756836,58.975746154785156,56.87013244628906,51.78927230834961,47.29252243041992,41.056419372558594,48.219364166259766","0","0","0"
"rag","32","15","1","25","beam","sentence-transformers/facebook-dpr-ctx_encoder-single-nq-base",". Question: who sang the theme song for the man with the golden gun?","1545","32_3,32_6,32_1,32_4,32_7,32_5,32_2,32_15,32_11,32_8,32_9,32_10,32_14,32_12,32_13,32_16","0.22964805364608765,0.29232579469680786,0.3011585474014282,0.30752402544021606,0.3303349018096924,0.34528279304504395,0.3466358184814453,0.3550037145614624,0.355167031288147,0.35559558868408203,0.37140190601348877,0.37537848949432373,0.38900935649871826,0.43362319469451904,0.4804181456565857,0.5399101376533508",": Lulu.","Lulu,Lulu,Lulu,Lulu,Lulu","20.530813217163086,26.611242294311523,35.83931350708008,47.909629821777344,22.670204162597656","0","1","0"
"rag","54","15","1","25","beam","sentence-transformers/facebook-dpr-ctx_encoder-single-nq-base",". Question: where does the last name roberts come from?","626","54_1,54_5,54_4,54_2,54_6,54_3,54_7","0.3293905258178711,0.33367323875427246,0.33863067626953125,0.36727458238601685,0.4016307592391968,0.48982691764831543,0.5479874014854431",": The surname roberts comes from the given name robert.","Norman,Norman origin","49.40564727783203,41.71964645385742,47.376338958740234,56.952857971191406,61.63001251220703,33.96500778198242,28.788774490356445,53.65276336669922,58.09888458251953,50.78418731689453,45.1048583984375,60.94287109375,55.718936920166016,30.618453979492188,38.21308517456055","0","0","0"
"rag","83","15","1","25","beam","sentence-transformers/facebook-dpr-ctx_encoder-single-nq-base",". Question: what type of plate boundary is associated with iceland and its volcanic eruptions?","2033","83_1,83_2,83_8,83_7,83_4,83_9,83_10,83_5,83_21,83_6,83_3,83_17,83_14,83_12,83_11,83_19,83_23,83_16,83_13,83_22,83_20,83_15,83_24,83_18","0.20114290714263916,0.20654553174972534,0.23748904466629028,0.23946630954742432,0.2477439045906067,0.2527129650115967,0.26191967725753784,0.26814842224121094,0.27453821897506714,0.2856564521789551,0.2885781526565552,0.3418999910354614,0.34719282388687134,0.34940093755722046,0.3641875386238098,0.3820456862449646,0.3839673399925232,0.39208829402923584,0.3942474126815796,0.43281078338623047,0.45620810985565186,0.4593467712402344,0.4733865261077881,0.49764353036880493","rieved from https://en.","the mid-Atlantic Ridge,divergent tectonic plate boundary,divergent tectonic plate boundary","28.068523406982422,24.546993255615234,38.41958236694336,25.338998794555664,29.347591400146484,22.37676429748535,31.114364624023438","0","0","0"
"rag","51","15","1","25","beam","sentence-transformers/facebook-dpr-ctx_encoder-single-nq-base",". Question: who is the captain of richmond football club?","867","51_1,51_4,51_6,51_9,51_8,51_2,51_3,51_7,51_5","0.28646743297576904,0.3524876832962036,0.377327561378479,0.39379674196243286,0.4191080331802368,0.4683989882469177,0.4929580092430115,0.5494270920753479,0.7168640494346619",": Trent Cotchin Premiership Captain: Cotchin Premiership","Trent Cotchin,Trent Cotchin,Trent Cotchin,Trent Cotchin","47.48957824707031,44.44573211669922,52.69352722167969,62.67702102661133,18.315876007080078,40.92980194091797,30.018774032592773,34.40772247314453,58.68257141113281,45.2354621887207,53.83012008666992,35.13291931152344,35.78264617919922,28.036222457885742,31.353900909423828","0.081939171811711","0.5","0"
"rag","80","15","1","25","beam","sentence-transformers/facebook-dpr-ctx_encoder-single-nq-base",". Question: what's the difference between salisbury steak and hamburger steak?","2033","80_4,80_11,80_1,80_13,80_19,80_17,80_8,80_10,80_7,80_18,80_3,80_2,80_15,80_9,80_5,80_6,80_16,80_14,80_12,80_20,80_21","0.2013176679611206,0.23298490047454834,0.2346828579902649,0.26703977584838867,0.27183759212493896,0.28028106689453125,0.28595656156539917,0.28853631019592285,0.2911500334739685,0.29235702753067017,0.2930508255958557,0.29348552227020264,0.29615575075149536,0.31141555309295654,0.3176726698875427,0.3261367678642273,0.3271070718765259,0.33596962690353394,0.3808932304382324,0.4117512106895447,0.511583149433136","?
I'm not sure what you mean by ""salisbury","ingredients,ingredients","30.661649703979492,49.948387145996094,47.9987907409668,12.34504222869873,51.12812042236328,52.64849853515625,50.55885696411133,54.496246337890625,47.11027526855469,57.76292037963867,58.03139877319336,58.34951400756836,21.52056121826172,26.20773696899414,20.189807891845703","0","0","0"
"rag","79","15","1","25","beam","sentence-transformers/facebook-dpr-ctx_encoder-single-nq-base",". Question: where is the heart of palm on a palm tree?","1104","79_1,79_6,79_4,79_3,79_5,79_9,79_2,79_10,79_8,79_11,79_7","0.34253448247909546,0.3477020263671875,0.36296379566192627,0.3724643588066101,0.38711386919021606,0.3953247666358948,0.43629151582717896,0.45031243562698364,0.46213871240615845,0.5075656175613403,0.6054167151451111","Heart of palm is located in the center of the palm tree, in","the inner core,growing bud,the center core","39.12015151977539,12.632858276367188,53.42621994018555,59.25064468383789,20.650476455688477,48.392635345458984,54.2972297668457,45.03028869628906,41.807472229003906,48.89150619506836,33.32365417480469,31.611955642700195,31.939241409301758,34.78824234008789,45.48862075805664","0.044249674106354955","0.125","0"
"rag","61","15","1","25","beam","sentence-transformers/facebook-dpr-ctx_encoder-single-nq-base",". Question: who won the 10m air pistol gold medal at commonwealth shooting championship in brisbane australia?","1346","61_1,61_6,61_10,61_9,61_2,61_7,61_13,61_8,61_4,61_12,61_11,61_3,61_5,61_14","0.2444353699684143,0.3550074100494385,0.362262487411499,0.36293572187423706,0.3639136552810669,0.3667377233505249,0.38018983602523804,0.38372087478637695,0.3894804120063782,0.4013128876686096,0.4022340774536133,0.4147002100944519,0.47501373291015625,0.6166012287139893","Alexander Walker Medal table ( edit ) Rank Nation Gold Silver Bronze Total India","Shahzar Rizvi,Shahzar Rizvi,Shahzar Rizvi,Shahzar Rizvi","42.101375579833984,13.376320838928223,56.85707092285156,40.07289123535156,45.3664436340332,43.96586227416992,40.28989028930664,38.89664840698242,48.94660186767578,51.71563720703125,51.88847351074219,56.45777893066406,56.091285705566406,61.21173095703125,51.4141960144043","0","0","0"
"rag","46","15","1","25","beam","sentence-transformers/facebook-dpr-ctx_encoder-single-nq-base",". Question: how old do you have to be to get a gun licence in nz?","1351","46_5,46_1,46_3,46_11,46_4,46_2,46_10,46_8,46_9,46_7,46_12,46_13,46_6,46_14","0.2472240924835205,0.24816685914993286,0.2640566825866699,0.29049545526504517,0.29750174283981323,0.30503618717193604,0.30645322799682617,0.3375486135482788,0.35079556703567505,0.3567129373550415,0.36073267459869385,0.42353731393814087,0.44863301515579224,0.4791935086250305","I am a 16 year old male and I am interested in getting a","16 or older,16 or older,16 or older","42.53580856323242,13.827569007873535,45.74892044067383,41.31587600708008,31.004329681396484,65.8433837890625,61.880863189697266,32.33277130126953,34.414512634277344,43.879615783691406,48.642635345458984,37.95692443847656,53.157508850097656,46.294837951660156,38.66581344604492","0.01758542189440898","0.1176470588235294","0"
"rag","65","15","1","25","beam","sentence-transformers/facebook-dpr-ctx_encoder-single-nq-base",". Question: what is the meaning of gorakh dhanda in urdu?","836","65_4,65_5,65_3,65_2,65_1,65_8,65_7,65_6,65_9","0.27354586124420166,0.30311816930770874,0.30569130182266235,0.3163264989852905,0.32095956802368164,0.383144736289978,0.41685235500335693,0.4641034007072449,0.4682481288909912","akh Dhanda is a Punjabi word which means puzzle or","You are a Puzzle","24.880186080932617,37.19801712036133,35.15146255493164,39.7174072265625,51.192626953125,21.204856872558594,37.06941223144531,41.708194732666016,31.741872787475586,34.1196174621582,32.705421447753906,40.572776794433594,51.65911102294922,45.58321762084961,48.35527801513672","0.023457495174891017","0.28571428571428575","0"
"rag","29","15","1","25","beam","sentence-transformers/facebook-dpr-ctx_encoder-single-nq-base",". Question: when did the song things that make you go hmmm come out?","1890","29_5,29_1,29_9,29_10,29_3,29_2,29_17,29_6,29_7,29_4,29_8,29_13,29_19,29_18,29_16,29_11,29_12,29_15,29_14","0.3582890033721924,0.37119418382644653,0.3775210380554199,0.403201699256897,0.4035864472389221,0.40804916620254517,0.41847819089889526,0.42040252685546875,0.42763787508010864,0.42850327491760254,0.4348641633987427,0.43697094917297363,0.44404375553131104,0.44875144958496094,0.45169609785079956,0.46054649353027344,0.49171972274780273,0.5092318058013916,0.5893526077270508","","June 23 , 1991,June 1991,June 1991,June 1991,June 1991","37.249298095703125,31.459217071533203","0","0","0"
"rag","98","15","1","25","beam","sentence-transformers/facebook-dpr-ctx_encoder-single-nq-base",". Question: cast of the have and have nots play?","1771","98_1,98_12,98_13,98_2,98_17,98_16,98_14,98_11,98_9,98_4,98_10,98_7,98_6,98_15,98_8,98_18,98_5,98_3","0.29756665229797363,0.35158365964889526,0.3606768250465393,0.38214802742004395,0.382493793964386,0.40870171785354614,0.4264412522315979,0.4430784583091736,0.45374566316604614,0.46081042289733887,0.4620423913002014,0.4671834111213684,0.4679664373397827,0.4746910333633423,0.4775002598762512,0.4835050702095032,0.4949907064437866,0.4975121021270752","The Haves and the Have Nots ( play ) - wikipedia","Patrice Lovely as Hattie,Tony Hightower as Frank,Alexis Jones as Diane,Maurice Lauchner as Lewis,Jeffery Lewis as Wallie,Kislyck Halsey as Rose,Patrice Lovely as Hattie,Tony Hightower as Frank,Alexis Jones as Diane,Maurice Lauchner as Lewis,Jeffery Lewis as Wallie,Kislyck Halsey as Rose","43.568389892578125,13.107150077819824,52.76901626586914,47.06494140625,56.20741653442383,60.630245208740234,62.76968765258789,42.55626678466797,25.372180938720703,29.047866821289062,25.521350860595703,39.91497802734375,40.29753494262695,52.51212692260742,35.4739990234375","0","0","0"
"rag","8","15","1","25","beam","sentence-transformers/facebook-dpr-ctx_encoder-single-nq-base",". Question: where does the last name orozco originate from?","584","8_1,8_4,8_3,8_2,8_5,8_6","0.2818448543548584,0.3216829299926758,0.3355916142463684,0.36196452379226685,0.4001956582069397,0.4076138734817505","Orozco is of Spanish / Basque origin. Notable people","Spanish / Basque origin,Spanish / Basque origin,Spanish / Basque origin","43.54747009277344,18.478435516357422,34.89424514770508,37.00187683105469,29.359176635742188,48.36216735839844,52.59839630126953,62.221221923828125,57.55562973022461,36.054359436035156,50.16905212402344,58.420631408691406,48.04610824584961,43.23904037475586,49.519290924072266","0.1444977144915524","0.5454545454545454","0"
"rag","58","15","1","25","beam","sentence-transformers/facebook-dpr-ctx_encoder-single-nq-base",". Question: what is the name of india pakistan border?","1753","58_1,58_5,58_6,58_3,58_7,58_2,58_8,58_12,58_16,58_9,58_13,58_4,58_10,58_15,58_14,58_11,58_17,58_18","0.1996256709098816,0.23022925853729248,0.2334601879119873,0.2578287124633789,0.2640955448150635,0.27552056312561035,0.3030000925064087,0.3107268214225769,0.31830132007598877,0.33274543285369873,0.362937331199646,0.36576056480407715,0.36681264638900757,0.37883681058883667,0.402540385723114,0.43704402446746826,0.45000094175338745,0.4815167784690857","India -- Pakistan border Jump to: navigation, search The India and Pakistan","India and Pakistan Border,International Border,IB","39.98176956176758,12.593894004821777,47.292877197265625,51.561790466308594,58.589942932128906,26.669757843017578,41.48379135131836,32.08308410644531,40.2039680480957,41.165191650390625,34.708587646484375,48.731689453125,58.0178337097168,64.36318969726562,61.03318786621094","0.10584277604455784","0.18461538461538463","0"
"rag","11","15","1","25","beam","sentence-transformers/facebook-dpr-ctx_encoder-single-nq-base",". Question: which british city is farthest from the sea?","1749","11_12,11_4,11_14,11_13,11_3,11_7,11_8,11_15,11_1,11_9,11_6,11_11,11_5,11_10,11_18,11_17,11_16,11_2","0.2980539798736572,0.3425341844558716,0.3761155605316162,0.38956135511398315,0.4259093999862671,0.42869997024536133,0.44544076919555664,0.46174758672714233,0.4654591679573059,0.4656943082809448,0.47326844930648804,0.47678548097610474,0.48308199644088745,0.4832693934440613,0.5139668583869934,0.5207894444465637,0.5366871356964111,0.5701521635055542","The city of Burton upon Trent is the furthest point from the","Coton in the Elms,Coton in the Elms,Coton in the Elms,Coton in the Elms,Coton in the Elms","40.92256164550781,13.796502113342285,51.277130126953125,42.836612701416016,40.910640716552734,50.03941345214844,46.174922943115234,45.37111282348633,50.8328971862793,57.5416259765625,33.66484832763672,42.31527328491211,47.03384780883789,55.73525619506836,54.682716369628906","0.020044994979069072","0.125","0"
"rag","35","15","1","25","beam","sentence-transformers/facebook-dpr-ctx_encoder-single-nq-base",". Question: who played mrs warboys in one foot in the grave?","1369","35_1,35_3,35_4,35_2,35_5,35_7,35_8,35_6,35_9,35_12,35_11,35_10,35_13,35_14","0.27127349376678467,0.3049585819244385,0.3120191693305969,0.35001862049102783,0.4221792221069336,0.4409658908843994,0.44273841381073,0.4449591040611267,0.4509117603302002,0.4536409378051758,0.47947460412979126,0.48556482791900635,0.4894547462463379,0.6119166612625122"," Foot in the Grave (1990--2000) is a British sit","Doreen Mantle,Doreen Mantle,Doreen Mantle,Doreen Mantle,Doreen Mantle","38.106754302978516,57.08536911010742,50.06917190551758,53.50819396972656,53.09529495239258,28.880569458007812,26.830678939819336,23.868499755859375,29.352127075195312,48.00102615356445,36.6125602722168,30.81991958618164,51.98375701904297,47.79875564575195,32.13376998901367","0","0","0"
"rag","19","15","1","25","beam","sentence-transformers/facebook-dpr-ctx_encoder-single-nq-base",". Question: who stepped out of the dithyrambic chorus to become the first actor?","1454","19_2,19_6,19_7,19_3,19_9,19_4,19_5,19_11,19_1,19_10,19_8,19_12,19_15,19_13,19_14","0.23902523517608643,0.27841854095458984,0.297330379486084,0.33983051776885986,0.36404842138290405,0.3939666152000427,0.41252487897872925,0.42168498039245605,0.45667386054992676,0.4721986651420593,0.4728320837020874,0.505825400352478,0.5248008966445923,0.5758988261222839,0.6448637247085571",": Thespis ( Greek : Î˜Î­ÏƒÏ€Î¹Ï‚,","Thespis,Thespis,Thespis","39.666290283203125,39.78176498413086,35.746673583984375,30.133155822753906,30.136001586914062,38.75143051147461,19.061649322509766,22.44097328186035,19.042455673217773,22.16295051574707,15.480071067810059,15.413640975952148,17.131750106811523,16.835298538208008,15.672464370727539","0.03759340464156993","0.6666666666666666","0"
"rag","40","15","1","25","beam","sentence-transformers/facebook-dpr-ctx_encoder-single-nq-base",". Question: where was the salvation army's christmas collection kettle first introduced?","1254","40_1,40_5,40_2,40_3,40_4,40_12,40_7,40_11,40_6,40_8,40_9,40_10,40_13","0.3016815185546875,0.3315858840942383,0.34239935874938965,0.34367233514785767,0.34529149532318115,0.3882889747619629,0.3893488645553589,0.41762620210647583,0.4223952889442444,0.4298911690711975,0.4343796372413635,0.4654449224472046,0.5602819919586182",": in san francisco in 1891.","San Francisco,San Francisco,San Francisco,San Francisco,in San Francisco","24.766555786132812,32.69184112548828,36.09646987915039,44.44169235229492,36.56760025024414,33.4473762512207,42.02131652832031,39.76589584350586,31.547544479370117","0.03759340464156993","0.6071428571428572","0"
"rag","82","15","1","25","beam","sentence-transformers/facebook-dpr-ctx_encoder-single-nq-base",". Question: sequel to a christmas story it runs in the family?","1778","82_14,82_1,82_3,82_10,82_12,82_5,82_11,82_9,82_15,82_4,82_2,82_17,82_13,82_18,82_6,82_8,82_16,82_7","0.2351779341697693,0.29132890701293945,0.3083052635192871,0.33024120330810547,0.3442081809043884,0.35109806060791016,0.3696691393852234,0.3947785496711731,0.40900248289108276,0.4186840057373047,0.43097472190856934,0.4393876791000366,0.4540550708770752,0.4556956887245178,0.4615183472633362,0.46846455335617065,0.47191083431243896,0.4886929392814636","A Christmas Story: The Musical
A Christmas Story: The Mus","My Summer Story,My Summer Story","38.381622314453125,11.779444694519043,35.28955078125,53.171287536621094,31.920820236206055,44.03905487060547,52.958518981933594,32.65923309326172,26.206134796142578,16.015392303466797,49.880855560302734,44.82986831665039,45.88570785522461,43.861602783203125,56.47712707519531","0","0.15384615384615383","0"
"rag","4","15","1","25","beam","sentence-transformers/facebook-dpr-ctx_encoder-single-nq-base",". Question: where was because i could not stop for death published?","1606","4_1,4_13,4_9,4_6,4_7,4_5,4_8,4_14,4_2,4_11,4_15,4_10,4_12,4_16,4_4,4_3","0.2693997025489807,0.2706259489059448,0.3255043625831604,0.33040863275527954,0.33502042293548584,0.36397016048431396,0.3672020435333252,0.37420737743377686,0.3980299234390259,0.39824265241622925,0.42653781175613403,0.4299970865249634,0.4466344118118286,0.4856269359588623,0.4934278130531311,0.5463780760765076",") In Poems: Series 1 B) In The Complete Poems","Poems : Series 1,1890","35.21554946899414,41.7652702331543,49.94511795043945,50.7535400390625,34.67530822753906,55.441471099853516,62.46308898925781,53.050025939941406,51.20281219482422,35.88072967529297,49.77069091796875,35.841121673583984,20.25433349609375,27.526214599609375,33.32844924926758","0.06302647598688789","0.25","0"
"rag","43","15","1","25","beam","sentence-transformers/facebook-dpr-ctx_encoder-single-nq-base",". Question: where does kfc get their chicken in south africa?","748","43_2,43_1,43_6,43_3,43_7,43_5,43_4,43_8","0.22901856899261475,0.24036002159118652,0.34859395027160645,0.3557596206665039,0.39814531803131104,0.40318405628204346,0.4153427481651306,0.5500364899635315","KFC in South Africa - Wikipedia
KFC in South Africa Jump","reared in South Africa,South Africa","45.22029113769531,13.822837829589844,46.697181701660156,22.672000885009766,57.857154846191406,64.52080535888672,47.6158561706543,48.475502014160156,27.933256149291992,15.39038372039795,48.1827392578125,22.15559959411621,47.317745208740234,57.61710739135742,49.18852996826172","0.11609514815067874","0.38095238095238093","0"
"rag","88","15","1","25","beam","sentence-transformers/facebook-dpr-ctx_encoder-single-nq-base",". Question: who won the super heavyweight gold medal at the 2000 olympics?","1212","88_1,88_2,88_10,88_3,88_11,88_12,88_5,88_6,88_4,88_9,88_7,88_8","0.20477527379989624,0.2838630676269531,0.3276195526123047,0.3795228600502014,0.3882618546485901,0.4410637617111206,0.44846880435943604,0.45237481594085693,0.49364304542541504,0.5520836710929871,0.5726982355117798,0.5869140625",": Audley Harrison of Great Britain","Audley Harrison,Audley Harrison","36.544246673583984,42.96908187866211,39.59489822387695,35.03657913208008,64.39173889160156,36.88166809082031,51.451725006103516,57.489463806152344,31.052583694458008,31.732175827026367","0.09717716588732002","0.5714285714285715","0"
"rag","28","15","1","25","beam","sentence-transformers/facebook-dpr-ctx_encoder-single-nq-base",". Question: when did men's curling start in the olympics?","2033","28_1,28_2,28_15,28_4,28_9,28_13,28_3,28_14,28_8,28_19,28_12,28_11,28_6,28_18,28_17,28_10,28_21,28_7,28_16,28_5,28_20","0.2510032653808594,0.28488093614578247,0.2883601784706116,0.3054744005203247,0.34647518396377563,0.3625536561012268,0.3639031648635864,0.37596893310546875,0.3799329400062561,0.38216376304626465,0.39486587047576904,0.46949881315231323,0.47823864221572876,0.4821559190750122,0.4826357960700989,0.48813188076019287,0.4973735809326172,0.5146026015281677,0.5206365585327148,0.595981240272522,0.6358630657196045","èªž Polski PortuguÃªs RomÃ¢nÄƒ Ð ÑƒÑÑÐº","1998,1998 Nagano Games,1924,1998,1998","14.799861907958984,15.245306015014648,23.63741683959961,23.51410484313965,18.000030517578125,27.046104431152344,26.018274307250977,24.025005340576172,10.573695182800293,23.875558853149414,25.410125732421875,18.666872024536133,22.71872329711914,16.33108139038086,15.496005058288574","0","0","0"
"rag","10","15","1","25","beam","sentence-transformers/facebook-dpr-ctx_encoder-single-nq-base",". Question: which state is the richest state in nigeria?","630","10_5,10_1,10_6,10_2,10_4,10_3,10_7","0.31439679861068726,0.3459053039550781,0.4033874273300171,0.4180382490158081,0.44124138355255127,0.45484089851379395,0.6122556924819946","os State is the richest state in Nigeria with a GDP of US $","Lagos State,Lagos State,Lagos State,Lagos State,Lagos State","44.21672821044922,33.79109573364258,51.41291046142578,36.43510818481445,51.977264404296875,54.073387145996094,54.82215118408203,54.69047164916992,68.74293518066406,52.4644660949707,50.98040008544922,55.80751419067383,46.000999450683594,55.19458770751953,39.74977111816406","0.01758542189440898","0.13333333333333336","0"
"rag","37","15","1","25","beam","sentence-transformers/facebook-dpr-ctx_encoder-single-nq-base",". Question: who wrote if she knew what she wants?","896","37_1,37_8,37_3,37_2,37_4,37_9,37_6,37_5,37_7","0.35984599590301514,0.41405510902404785,0.44325828552246094,0.4476437568664551,0.47021913528442383,0.4942593574523926,0.5045536756515503,0.5234624147415161,0.5314846038818359"," answers.","Jules Shear,Jules Shear,Jules Shear,Jules Shear","47.57502365112305,33.62345504760742,40.756187438964844","0","0","0"
"rag","86","15","1","25","beam","sentence-transformers/facebook-dpr-ctx_encoder-single-nq-base",". Question: where was the film coming home for christmas filmed?","1008","86_9,86_2,86_1,86_7,86_8,86_3,86_4,86_10,86_5,86_6","0.33320707082748413,0.34491854906082153,0.34937673807144165,0.3744988441467285,0.39463531970977783,0.4029548168182373,0.4302884340286255,0.47488802671432495,0.5148178935050964,0.5830434560775757",": the film was shot on location in british columbia","British Columbia","42.26371383666992,36.98955154418945,42.06331253051758,40.43587875366211,50.92939758300781,49.12961196899414,53.313167572021484,46.10551834106445,54.81735610961914,50.510196685791016,35.88690185546875,43.09280014038086,34.69698715209961,30.332069396972656,50.52798080444336","0","0.3636363636363636","0"
"rag","5","15","1","25","beam","sentence-transformers/facebook-dpr-ctx_encoder-single-nq-base",". Question: who plays the mother of howard on big bang theory?","1025","5_2,5_5,5_3,5_8,5_4,5_7,5_9,5_1,5_6,5_10,5_11","0.20305240154266357,0.3595297932624817,0.3723013401031494,0.4090946912765503,0.4247511029243469,0.49303704500198364,0.5117526650428772,0.522589385509491,0.5609978437423706,0.5633499026298523,0.6665767431259155",": carol ann susi.","Carol Ann Susi,Carol Ann Susi,Carol Ann Susi,Carol Ann Susi,Carol Ann Susi","40.359134674072266,39.44089889526367,50.03965759277344,36.421424865722656,37.05787658691406,18.080486297607422,35.42902374267578,28.96480941772461","0","1","0"
"rag","94","15","1","25","beam","sentence-transformers/facebook-dpr-ctx_encoder-single-nq-base",". Question: who was the dj on in living color?","1320","94_6,94_7,94_8,94_1,94_9,94_12,94_14,94_2,94_13,94_3,94_10,94_5,94_11,94_4","0.323840856552124,0.341739296913147,0.37102818489074707,0.37541496753692627,0.4055933952331543,0.4247437119483948,0.4667341709136963,0.46836209297180176,0.4783816933631897,0.5211496949195862,0.5458605885505676,0.5476340651512146,0.5880231857299805,0.5987907648086548","I'm sorry, I don't understand your question.","DJ Twist","43.63343811035156,14.978721618652344,39.61525344848633,43.218711853027344,37.81819534301758,31.274049758911133,50.575904846191406,42.144222259521484,48.14468002319336,43.786556243896484,53.29011917114258,38.12999725341797","0","0","0"
"rag","56","15","1","25","beam","sentence-transformers/facebook-dpr-ctx_encoder-single-nq-base",". Question: when did the granite mountain hotshots get certified?","1291","56_4,56_5,56_3,56_2,56_10,56_9,56_8,56_1,56_6,56_13,56_7,56_11,56_12","0.25877320766448975,0.353617787361145,0.3575800061225891,0.3789835572242737,0.38316208124160767,0.3922126889228821,0.3933427333831787,0.39739328622817993,0.40363574028015137,0.4137916564941406,0.4153725504875183,0.4363294839859009,0.46176445484161377","Answer: the granite mountain hotshots were certified in 2008.","2008","40.599613189697266,17.781940460205078,26.65102767944336,42.013671875,54.2501335144043,46.82117462158203,38.9730339050293,45.63108444213867,44.337364196777344,48.4203987121582,42.54106521606445,57.67369842529297,49.914527893066406","0","0.19999999999999998","0"
"rag","6","15","1","25","beam","sentence-transformers/facebook-dpr-ctx_encoder-single-nq-base",". Question: who has been appointed as the election commissioner of india?","2033","6_1,6_5,6_11,6_8,6_6,6_7,6_2,6_9,6_10,6_3,6_18,6_19,6_16,6_17,6_14,6_15,6_4,6_21,6_20,6_12,6_13","0.220647931098938,0.22556614875793457,0.23182761669158936,0.27908289432525635,0.28026753664016724,0.285786509513855,0.31195372343063354,0.32250016927719116,0.3467909097671509,0.3518778085708618,0.358117938041687,0.3657910227775574,0.3893277049064636,0.39509838819503784,0.39514100551605225,0.4291083812713623,0.4358518123626709,0.4586383104324341,0.5106598138809204,0.5681776404380798,0.598382830619812"," 2010 17 P.","Om Prakash Rawat,Om Prakash Rawat,Om Prakash Rawat,Om Prakash Rawat,Om Prakash Rawat","59.29241943359375,62.94595718383789,42.50712203979492,38.63630676269531,36.06787872314453","0","0","0"
"rag","76","15","1","25","beam","sentence-transformers/facebook-dpr-ctx_encoder-single-nq-base",". Question: what is the ultimate objective of financial management?","1979","76_10,76_11,76_5,76_6,76_8,76_12,76_7,76_9,76_14,76_13,76_15,76_4,76_16,76_1,76_2,76_17,76_3,76_18,76_19,76_20","0.2422962188720703,0.24905943870544434,0.25617122650146484,0.26100027561187744,0.2626259922981262,0.2833118438720703,0.28410619497299194,0.2855568528175354,0.2877950668334961,0.3081852197647095,0.3115987181663513,0.3459441661834717,0.35549795627593994,0.40598660707473755,0.42406266927719116,0.42672306299209595,0.4593644142150879,0.48783648014068604,0.519165575504303,0.592422366142273",": the ultimate objective of financial management is to maximize the value of the","Profit maximization","31.423479080200195,41.150882720947266,41.848976135253906,61.0044059753418,58.49811553955078,45.511966705322266,57.45026397705078,53.647281646728516,52.80108642578125,41.323909759521484,47.09840393066406,47.16545104980469,35.61801528930664,46.85597229003906,48.04307556152344","0","0.13333333333333336","0"
"rag","72","15","1","25","beam","sentence-transformers/facebook-dpr-ctx_encoder-single-nq-base",". Question: new movie of ajay devgan and sonakshi sinha?","2033","72_3,72_10,72_1,72_12,72_4,72_20,72_11,72_8,72_19,72_2,72_13,72_6,72_7,72_14,72_5,72_17,72_22,72_18,72_15,72_21,72_16,72_9,72_23,72_24","0.18566584587097168,0.1983257532119751,0.23604154586791992,0.24750500917434692,0.27165859937667847,0.2930685877799988,0.3086717128753662,0.3112250566482544,0.3115406036376953,0.3131469488143921,0.32277482748031616,0.3406906723976135,0.35573887825012207,0.35623061656951904,0.3748096227645874,0.38145530223846436,0.38580322265625,0.3865290880203247,0.3970210552215576,0.3976045250892639,0.4066353440284729,0.413749098777771,0.49316298961639404,0.5833444595336914","h Reshammiya Himesh Reshammiya, An","Action Jackson,Action Jackson,Action Jackson","45.34689712524414,46.16532897949219,49.278099060058594,23.310239791870117,30.760332107543945,20.26173973083496,46.84806823730469,45.4599609375,49.74599838256836,54.103118896484375,25.27155303955078,29.115217208862305,22.667301177978516,50.26866149902344,49.76659393310547","0","0","0"
"rag","85","15","1","25","beam","sentence-transformers/facebook-dpr-ctx_encoder-single-nq-base",". Question: who kidnapped ben in the deep end of the ocean?","1524","85_3,85_1,85_13,85_7,85_8,85_11,85_6,85_10,85_5,85_9,85_14,85_4,85_12,85_15,85_16,85_2","0.31989651918411255,0.32343006134033203,0.35464245080947876,0.36718320846557617,0.39598548412323,0.4043892025947571,0.4286634922027588,0.4291728138923645,0.43840259313583374,0.4442155361175537,0.45194053649902344,0.47399961948394775,0.483573317527771,0.4983873963356018,0.5305344462394714,0.5723222494125366",": a woman named cecil lockhart.","Cecil Lockhart,Cecil Lockhart,celebrity alumna Cecil Lockhart,Cecil Lockhart","36.89339065551758,46.03722381591797,45.36820602416992,41.91069030761719,40.08289337158203,49.87744903564453,35.14995193481445,41.71828079223633,38.494781494140625,57.287818908691406,33.616859436035156","0","0.5396825396825398","0"
"rag","90","15","1","25","beam","sentence-transformers/facebook-dpr-ctx_encoder-single-nq-base",". Question: university of michigan school of public health ranking?","1389","90_1,90_6,90_3,90_4,90_2,90_7,90_5,90_11,90_13,90_10,90_12,90_9,90_8,90_14","0.23850983381271362,0.25366050004959106,0.2800939083099365,0.28564655780792236,0.28756338357925415,0.29469799995422363,0.31528639793395996,0.3347777724266052,0.33991265296936035,0.35374611616134644,0.39678359031677246,0.41944020986557007,0.42884713411331177,0.5253280401229858","The University of Michigan School of Public Health is one of the top schools","# 4,# 4","43.8435173034668,11.177458763122559,57.8521614074707,53.96846389770508,63.70503616333008,53.19585418701172,51.66130447387695,52.92844772338867,60.60942459106445,50.92321014404297,58.817867279052734,53.77548599243164,54.41189193725586,56.147743225097656,49.51239013671875","0","0","0"
"rag","48","15","1","25","beam","sentence-transformers/facebook-dpr-ctx_encoder-single-nq-base",". Question: what is the name of the gap between two front teeth?","1458","48_2,48_3,48_6,48_4,48_1,48_5,48_11,48_15,48_13,48_14,48_8,48_12,48_7,48_10,48_9","0.25201284885406494,0.25375646352767944,0.30700647830963135,0.3090769052505493,0.36480212211608887,0.38929659128189087,0.4887615442276001,0.5048210620880127,0.51191246509552,0.5312209129333496,0.5357043147087097,0.5361119508743286,0.540151059627533,0.5624273419380188,0.5797280073165894","Diastema - Wikipedia Diastema Jump to : navigation, search","diastema,diastema,diastema,diastema","40.183658599853516,14.610917091369629,20.541868209838867,24.7063045501709,18.464035034179688,32.427799224853516,19.557464599609375,21.776159286499023,25.355276107788086,21.765666961669922,35.82212829589844,47.21424865722656,28.788000106811523,42.93529510498047,27.95989990234375","0","0.25","0"
"rag","0","15","1","25","beam","sentence-transformers/facebook-dpr-ctx_encoder-single-nq-base",". Question: who plays colin on young and the restless?","1871","0_2,0_8,0_9,0_3,0_6,0_16,0_10,0_11,0_7,0_14,0_17,0_13,0_12,0_18,0_5,0_1,0_15,0_4,0_19","0.2771647572517395,0.2806130647659302,0.3202587366104126,0.33599311113357544,0.34468305110931396,0.38055169582366943,0.40388578176498413,0.4114878177642822,0.42410385608673096,0.4280894994735718,0.4293314218521118,0.43137800693511963,0.436562180519104,0.4518930912017822,0.45706242322921753,0.47075486183166504,0.47761082649230957,0.4794842600822449,0.5456017255783081","Tristan Rogers - Wikipedia
Tristan Rogers (born 3","Tristan Rogers,Tristan Rogers,Tristan Rogers,Tristan Rogers,Tristan Rogers","45.91535568237305,14.871567726135254,33.88169479370117,34.788028717041016,56.952606201171875,24.864055633544922,35.76747512817383,26.027725219726562,18.623981475830078,38.53378677368164,35.48318862915039,58.37217712402344,24.42725944519043,17.24131965637207,41.99024200439453","0.07122722710132624","0.4444444444444445","0"
"rag","49","15","1","25","beam","sentence-transformers/facebook-dpr-ctx_encoder-single-nq-base",". Question: when was the last time tug-of-war was an official olympic sport?","1047","49_1,49_2,49_9,49_5,49_7,49_8,49_11,49_3,49_4,49_10,49_6","0.3037532567977905,0.3401913642883301,0.34714269638061523,0.3560633659362793,0.4016745090484619,0.4138290286064148,0.42347079515457153,0.45661354064941406,0.4609249234199524,0.47831058502197266,0.5200518369674683",": it was an official olympic sport in 1900, 1904,","1920,1920,1920,1920,1920","43.36772918701172,41.314857482910156,47.47064971923828,48.00627517700195,39.866943359375,56.148685455322266,53.18571853637695,27.294294357299805,45.458091735839844,55.10517883300781,49.6782112121582,42.62191390991211,46.26546859741211,42.79694366455078,50.93106460571289","0","0","0"
"rag","95","15","1","25","beam","sentence-transformers/facebook-dpr-ctx_encoder-single-nq-base",". Question: who is the actress who plays baker on blue bloods?","625","95_3,95_4,95_1,95_2,95_5,95_6,95_7","0.26133912801742554,0.37630146741867065,0.41657495498657227,0.4376707673072815,0.4478924870491028,0.45113295316696167,0.5277819633483887",": hawk.","Abigail Hawk,Abigail Hawk,Abigail Hawk","48.17105484008789,38.44255447387695,25.97879981994629,29.852615356445312,36.84186553955078","0","0.6666666666666666","0"
"rag","73","15","1","25","beam","sentence-transformers/facebook-dpr-ctx_encoder-single-nq-base",". Question: what is the function of the pericardial sac?","2033","73_3,73_8,73_5,73_10,73_9,73_7,73_4,73_14,73_11,73_2,73_6,73_19,73_21,73_13,73_18,73_22,73_20,73_12,73_15,73_17,73_1,73_16,73_23,73_25,73_24","0.280614972114563,0.2879958152770996,0.2998765707015991,0.30666881799697876,0.31059718132019043,0.31475770473480225,0.3276093006134033,0.32881516218185425,0.34429454803466797,0.3680296540260315,0.3712746500968933,0.3819311857223511,0.39165008068084717,0.39662885665893555,0.4012131690979004,0.402629017829895,0.418617844581604,0.4445662498474121,0.44980382919311523,0.45237910747528076,0.460441529750824,0.48991090059280396,0.5439140200614929,0.5729221105575562,0.6314354538917542",". ( February 2019 ) ( Learn how and when to remove this template","Lubricates the heart","35.027713775634766,35.84640121459961,37.436370849609375,41.02700424194336,48.63502883911133,32.053775787353516,37.642024993896484,31.092378616333008,34.428165435791016,43.241554260253906,43.063655853271484,33.945579528808594,35.64200210571289,21.593475341796875,30.818527221679688","0","0","0"
"rag","30","15","1","25","beam","sentence-transformers/facebook-dpr-ctx_encoder-single-nq-base",". Question: who won the 2017 sports personality of the year?","2033","30_1,30_2,30_15,30_19,30_20,30_16,30_17,30_18,30_4,30_14,30_12,30_9,30_5,30_6,30_8,30_11,30_13,30_3,30_7,30_10,30_21","0.20968222618103027,0.2155326008796692,0.25393146276474,0.25810664892196655,0.2747434377670288,0.2792655825614929,0.3037228584289551,0.32007575035095215,0.3211698532104492,0.347433865070343,0.3526180386543274,0.39413344860076904,0.399541974067688,0.4166886806488037,0.426311731338501,0.43282395601272583,0.43536925315856934,0.44166165590286255,0.4449472427368164,0.4558132290840149,0.5353323221206665"," registered trademark of the Wikimedia Foundation, Inc.","Mo Farah,Mo Farah,Mo Farah,Mo Farah,Mo Farah","44.80678176879883,38.380943298339844,40.8215446472168,50.45390319824219,48.528564453125,31.381139755249023,25.065622329711914,41.30413055419922,46.95030212402344,36.23508834838867,51.862403869628906","0","0","0"
"rag","62","15","1","25","beam","sentence-transformers/facebook-dpr-ctx_encoder-single-nq-base",". Question: when did bihar bifurcate from bengal and some parts of chota nagpur merged into bengal?","1361","62_6,62_4,62_2,62_1,62_3,62_5,62_9,62_7,62_10,62_11,62_13,62_12,62_8,62_14","0.21380174160003662,0.22300255298614502,0.22449302673339844,0.22590965032577515,0.25535517930984497,0.2783530354499817,0.2806932330131531,0.28552937507629395,0.31595897674560547,0.32382631301879883,0.3302688002586365,0.34082847833633423,0.3630253076553345,0.5220946073532104","Chota Nagpur Division became part of the new province of Bih","1912,1912","42.91461944580078,12.83292293548584,27.51642608642578,54.95188903808594,46.60470962524414,44.52147674560547,26.64785385131836,48.31882095336914,37.85746383666992,56.240135192871094,54.62671661376953,56.600887298583984,46.44104766845703,48.46188735961914,46.092472076416016","0","0","0"
"rag","34","15","1","25","beam","sentence-transformers/facebook-dpr-ctx_encoder-single-nq-base",". Question: what was the first capital city of australia?","1132","34_1,34_8,34_3,34_2,34_6,34_10,34_5,34_4,34_11,34_12,34_9,34_7","0.2687632441520691,0.3051144480705261,0.3253593444824219,0.3775743246078491,0.4224016070365906,0.4399282932281494,0.4556163549423218,0.4603097438812256,0.46864575147628784,0.48630011081695557,0.5832206606864929,0.6222130060195923",": Canberra.","Melbourne,Sydney,New South Wales,Melbourne,Melbourne","52.59173583984375,46.12150955200195,31.538434982299805,42.816123962402344,54.0545654296875,45.26570129394531","0","0","0"
"rag","99","15","1","25","beam","sentence-transformers/facebook-dpr-ctx_encoder-single-nq-base",". Question: who is the young man in hawthorne's my kinsman major molineux?","1139","99_5,99_3,99_2,99_1,99_10,99_7,99_8,99_6,99_4,99_11,99_9,99_12","0.29289668798446655,0.304831862449646,0.3064471483230591,0.31233495473861694,0.319674015045166,0.33297890424728394,0.36858069896698,0.39535218477249146,0.4068816304206848,0.42986828088760376,0.4550042152404785,0.5954588651657104",": robin, a youth who arrives in boston seeking his kins","Robin,Robin , a youth,Robin,Robin,Robin","42.59284973144531,34.210628509521484,51.17924118041992,28.93269920349121,23.92808723449707,40.844608306884766,41.27299118041992,42.40730285644531,53.64727783203125,53.65121841430664,42.44123840332031,34.164546966552734,57.33722686767578,53.976844787597656,50.556495666503906","0.05190794196013298","0.2377622377622378","0"
"rag","64","15","1","25","beam","sentence-transformers/facebook-dpr-ctx_encoder-single-nq-base",". Question: who is the authority or governing body of mca?","1117","64_3,64_6,64_4,64_5,64_8,64_2,64_10,64_7,64_9,64_1,64_12,64_11","0.3342238664627075,0.3598530888557434,0.3640657663345337,0.38929229974746704,0.4196014404296875,0.4198983907699585,0.4667607545852661,0.4668118357658386,0.4698353409767151,0.47386252880096436,0.4914240837097168,0.5348884463310242",": the ministry of corporate affairs ( mca ) is the authority or","Indian government","29.676895141601562,42.53599548339844,45.708858489990234,52.469871520996094,35.938385009765625,48.80554962158203,49.3610725402832,25.575519561767578,20.877723693847656,24.796062469482422,45.90205001831055,32.94155502319336,53.71149826049805,53.656246185302734,57.19805908203125","0","0","0"
"rag","3","15","1","25","beam","sentence-transformers/facebook-dpr-ctx_encoder-single-nq-base",". Question: who invented the cornell method of note taking?","1139","3_1,3_2,3_5,3_6,3_3,3_11,3_4,3_7,3_10,3_9,3_8,3_12","0.28178542852401733,0.30679476261138916,0.3519037961959839,0.3581642508506775,0.37323153018951416,0.37347155809402466,0.3834420442581177,0.40582549571990967,0.4145823121070862,0.42520713806152344,0.4292886257171631,0.5374134182929993",": Walter Pauk, an education professor at Cornell University.","Walter Pauk,Walter Pauk,Walter Pauk,Walter Pauk","17.920536041259766,36.777748107910156,51.836238861083984,36.0340461730957,49.15095901489258,32.29026412963867,30.962648391723633,36.41142272949219,55.67442321777344,48.44623947143555,41.792354583740234,54.955997467041016,58.61688995361328,42.57084655761719","0.02573285025273419","0.4","0"