"id","max_length","generation_method","n_retrieval_docs","top_k","userprompt","n_tokens","doc_indices","predicted","gold","logits","bleu","rouge","correct"
"0","15","beam","4","20","Question: what culture region is germany a part of? Answer: ","15","60,23,93,74",".
Question: what culture region is france a part of?","Central Germany (","18.281421661376953,39.019161224365234,54.34712219238281,21.334814071655273,54.282466888427734,57.656192779541016,57.23706817626953,61.35042953491211,61.487125396728516,59.10436248779297,35.510284423828125,57.05702209472656,62.994266510009766,58.61284255981445,66.63236236572266","0","0","0"
"1","15","beam","4","20","Question: what does the transfer case control module do? Answer: ","15","60,23,93,74","The transfer case control module (TCCM) is a computer that","transfers power from the transmission to the front and rear axles by means of drive shafts .,transfers power from the transmission to the front and rear axles by,synchronizes the difference between the rotation of the front and rear wheels ,,may contain one or more sets of low range gears for off - road use .","15.650676727294922,19.374584197998047,54.204246520996094,55.80941390991211,50.65351486206055,58.235504150390625,47.81513595581055,37.271514892578125,36.09120559692383,47.33002471923828,55.82411193847656,47.60939407348633,47.68775177001953,36.10823440551758,43.583839416503906","0","0.06468531468531467","0"
"2","15","beam","4","20","Question: who sings the whiskey ain't workin anymore? Answer: ","15","60,23,93,74"," mcshane.
Question: who sings the whiskey ain't","Travis Tritt and Marty Stuart .,Travis Tritt --,Marty Stuart --,Tim Passmore --,Dennis Locorriere --,Travis Tritt and,Travis Tritt and,Travis Tritt and Marty Stuart .,Travis Tritt and,Marty Stuart .","15.426728248596191,34.724884033203125,37.35866928100586,25.692546844482422,37.71011734008789,52.18882369995117,49.78269958496094,18.976192474365234,54.4503173828125,50.64041519165039,63.47296142578125,55.78445816040039,62.879398345947266,59.66621780395508,55.57237243652344","0","0","0"
"3","15","beam","4","20","Question: what type of database is library literature and information science? Answer: ","16","60,23,93,74","�library literature and information science】 is a database.
Question","bibliographic database,bibliographic database,bibliographic database,bibliographic database that,bibliographic database","12.173735618591309,24.054309844970703,13.771827697753906,22.45334815979004,24.947338104248047,47.871761322021484,28.76852035522461,19.639036178588867,30.09731101989746,17.351213455200195,42.636390686035156,41.65083312988281,29.302810668945312,37.228458404541016,17.405765533447266","0","0.17878787878787877","0"
"4","15","beam","4","20","Question: who played big enos in smokey and the bandit? Answer: ","18","38,25,92,52","ie harwell.
Question: who played big enos in smo","Pat McCormick (,Pat McCormick (,Pat McCormick (,Pat McCormick (","17.060958862304688,37.84514236450195,21.336397171020508,25.847890853881836,48.14002227783203,49.249916076660156,18.790342330932617,54.42218780517578,54.85948181152344,61.395782470703125,60.31623840332031,47.95075225830078,26.214698791503906,59.153961181640625,62.543434143066406","0","0","0"
"5","15","beam","4","20","Question: where did hasta la vista baby come from? Answer: ","15","38,25,92,52","I was watching the movie ""The Mask"" and I heard the phrase","Arnold Schwarzenegger 's title character from the 1991 science fiction thriller film Terminator 2 : Judgment Day .","14.542303085327148,15.052725791931152,55.73699188232422,53.035621643066406,38.28544235229492,44.21368408203125,26.13116455078125,23.455141067504883,24.842023849487305,55.90077590942383,45.74256134033203,27.814756393432617,53.862022399902344,19.026233673095703,35.65220642089844","0.012157904028591189","0.07142857142857144","0"
"6","15","beam","4","20","Question: sequel to a christmas story it runs in the family? Answer: ","17","38,25,92,52"," been trying to find a sequel to a christmas story it runs in","My Summer Story ,,My Summer Story ,","15.088116645812988,57.10688781738281,55.393333435058594,58.84157943725586,60.30723571777344,55.9095573425293,57.26606369018555,52.036251068115234,45.23720169067383,56.22396469116211,55.446556091308594,56.96487045288086,50.7263069152832,61.57756805419922,59.77073287963867","0","0.125","0"
"7","15","beam","4","20","Question: who sings every light in the house is on? Answer: ","15","38,25,92,52"," brown.
Question: who sings every light in the house is on","Trace Adkins .,Trace Adkins .,Trace Adkins .,American country music artist Trace Adkins .","15.176082611083984,31.479351043701172,52.52699661254883,52.549835205078125,19.702754974365234,56.11674499511719,54.06139373779297,62.87672424316406,53.959625244140625,57.78411865234375,59.924015045166016,62.27442169189453,61.09371566772461,57.495216369628906,58.18385696411133","0","0","0"
"8","15","beam","4","20","Question: who sang i'm gonna run away from you? Answer: ","15","91,33,68,31"," brown.
Question: who sang i'm gonna run away from you","Tami Lynn (,Tami Lynn (,Tami Lynn (,Tami Lynn (,Tami Lynn (","16.09423828125,31.26677703857422,47.02714538574219,45.979915618896484,18.785167694091797,49.323333740234375,47.66253662109375,61.75792694091797,53.69519805908203,56.993900299072266,56.7300910949707,62.198509216308594,59.83952713012695,60.611846923828125,61.90062713623047","0","0","0"
"9","15","beam","4","20","Question: where does patience is a virtue come from? Answer: ","15","91,33,68,31","from the book of Proverbs.

Patience is a","`` Psychomachia , '' an epic poem written in the fifth century . </P>,`` Psychomachia , '' an,`` Psychomachia , '' an epic poem written in the fifth century .,`` Psychomachia , '' an epic poem written in the fifth century .","14.37179946899414,14.982951164245605,47.43758010864258,57.13747024536133,49.68316650390625,52.668113708496094,26.544849395751953,30.062232971191406,47.079444885253906,48.035709381103516,20.75117301940918,15.645792961120605,26.00754737854004,54.32959747314453,52.79029846191406","0.028599617161713803","0.08660130718954248","0"
"10","15","beam","4","20","Question: public companies are part of what economic sector? Answer: ","15","91,33,68,31","public companies are part of what economic sector
","public sector (,public sector ( also called the state sector ) is,The public sector (","14.832281112670898,15.318975448608398,44.82769775390625,34.98842239379883,51.31684494018555,43.808685302734375,52.08095169067383,54.8602180480957,58.43688201904297,38.82355499267578,17.94436264038086","0.026487690798830184","0.3378787878787879","0"
"11","15","beam","4","20","Question: who proclaimed 5th october as world’s teachers day? Answer: ","18","91,33,68,31","est hemingway.
Question: who was the first woman to","UNESCO / ILO Recommendation,UNESCO / ILO Recommendation","16.577625274658203,38.318023681640625,21.360326766967773,29.35133171081543,55.75288391113281,49.482425689697266,51.894893646240234,19.244869232177734,53.31728744506836,40.389102935791016,59.321861267089844,57.86637878417969,60.64784240722656,56.56390380859375,51.596778869628906","0","0","0"
"12","15","beam","4","20","Question: days of our lives cast doug and julie? Answer: ","16","81,63,45,53"," been watching days of our lives since i was a little girl and i","Bill Hayes and,Susan Seaforth Hayes .,Doug is portrayed by Bill Hayes and,Julie is portrayed by Susan Seaforth Hayes .,Bill Hayes and,Susan Seaforth Hayes .,Bill Hayes and,Susan Seaforth Hayes","15.11338996887207,55.466575622558594,54.70341491699219,50.67018508911133,50.61787033081055,56.29620361328125,56.98583221435547,51.00368118286133,53.013694763183594,56.75670623779297,53.0338134765625,59.2799072265625,60.281925201416016,53.91447448730469,52.70613479614258","0.01758542189440898","0.05602240896358543","0"
"13","15","beam","4","20","Question: who's gonna save my soul now breaking bad? Answer: ","15","81,63,45,53"," mckellen.
Ian McKellen is a legend.
","the closing scene of the final episode of the first season of","12.868760108947754,33.93517303466797,38.593482971191406,41.33523178100586,53.1875,52.127620697021484,20.862668991088867,57.55218505859375,56.22639083862305,47.40409469604492,51.249732971191406,46.701133728027344,48.30137252807617,54.498138427734375,51.177490234375","0","0","0"
"14","15","beam","4","20","Question: who is hosting e live from the red carpet? Answer: ","15","81,63,45,53"," hecox and hannah hart.
Question: who is hosting","Ryan Seacrest and,Giuliana Rancic .,Ryan Seacrest and,Giuliana Rancic .","14.649557113647461,28.982479095458984,22.97905158996582,53.415565490722656,19.389373779296875,24.884565353393555,19.619720458984375,22.243234634399414,48.63400650024414,53.274085998535156,21.155193328857422,54.23777770996094,52.78764724731445,59.35708236694336,60.428001403808594","0.028599617161713803","0.09090909090909091","0"
"15","15","beam","4","20","Question: who performed the first c section in 1794? Answer: ","15","81,63,45,53","..?
Question: who performed the first c section in 1794","Dr. Jesse Bennett (,Dr. Jesse Bennett (,Dr. Jesse Bennett (,Dr. Jesse Bennett (,Dr. Jesse Bennett (","13.039373397827148,50.86842727661133,44.34864807128906,54.90468215942383,17.954614639282227,50.78762435913086,45.799560546875,59.28444290161133,52.25865173339844,58.64195251464844,48.429134368896484,45.990562438964844,52.37239074707031,61.126277923583984,40.36241912841797","0","0","0"
"16","15","beam","4","20","Question: what tool is available from microsoft as an alternative to the usmt for smaller migrations? Answer: ","24","67,78,27,39"," been using the usmt for years and have never had a problem with","Windows Easy Transfer ,,Windows Easy Transfer ,,Windows Easy Transfer ,","13.625776290893555,49.09013748168945,52.87863540649414,36.67064666748047,43.05921173095703,50.49555206298828,39.52943801879883,44.227298736572266,53.57752990722656,46.981971740722656,49.8131103515625,53.3175163269043,52.4013671875,49.30380630493164,53.196407318115234","0","0","0"
"17","15","beam","4","20","Question: who is the original singer of just when i needed you most? Answer: ","18","67,78,27,39"," matthews.
Question: who is the original singer of just","Randy VanWarmer .,Randy VanWarmer .,Randy VanWarmer .,American singer - songwriter Randy VanWarmer .,Randy VanWarmer .","15.568904876708984,24.406002044677734,40.36711883544922,53.819801330566406,40.678035736083984,50.7083625793457,20.571672439575195,53.12474822998047,45.94813537597656,57.000511169433594,54.59980392456055,65.03194427490234,65.75762939453125,51.5164680480957,54.522308349609375","0.02573285025273419","0.02857142857142857","0"
"18","15","beam","4","20","Question: when did they stop putting lead in paint? Answer: ","15","67,78,27,39","in 1978.

Question: when did they stop putting asbestos in","1992 ,","14.159103393554688,15.712139129638672,38.18231201171875,45.47686004638672,47.871402740478516,20.02522087097168,15.176885604858398,52.77461242675781,55.25090789794922,64.40213775634766,60.658390045166016,58.37216567993164,59.633453369140625,43.982295989990234,48.773685455322266","0","0","0"
"19","15","beam","4","20","Question: who does brant daugherty play in pretty little liars? Answer: ","19","67,78,27,39"," harding.
Question: who does brant daugherty play","Noel Kahn on,Noel Kahn on,Noel Kahn on,Noel Kahn on,Noel Kahn on","17.20901107788086,22.81665802001953,31.707429885864258,47.98284149169922,47.01723861694336,20.49779510498047,50.542964935302734,43.244171142578125,52.12974166870117,51.36776351928711,36.9756965637207,52.18426513671875,43.137264251708984,39.57691192626953,56.63010787963867","0","0","0"
"20","15","beam","4","20","Question: who sings the theme song for the proud family? Answer: ","15","69,42,66,9"," raymond.
Question: who sings the theme song for the proud","Destiny 's Child (,Solange Knowles &,Destiny 's Child (,Destiny 's Child (,Solange Knowles &,Solange Knowles &","15.638877868652344,21.355751037597656,35.00764083862305,46.48866653442383,48.91473388671875,20.472869873046875,50.83576965332031,51.613548278808594,61.06928253173828,55.29665756225586,60.51203536987305,63.572837829589844,55.26172637939453,48.72670364379883,55.00194549560547","0","0","0"
"21","15","beam","4","20","Question: who sang the song good morning good morning? Answer: ","15","69,42,66,9"," brown.
Question: who sang the song good morning good morning?","Judy Garland and,Mickey Rooney .,Debbie Reynolds ,,Gene Kelly and,Donald O'Connor .","13.968326568603516,29.118045806884766,48.03428268432617,48.109580993652344,17.10391616821289,51.549285888671875,51.97471618652344,63.29468536376953,57.50835037231445,64.26087951660156,55.633480072021484,60.8739128112793,53.01487350463867,59.26433181762695,56.18543243408203","0","0","0"
"22","15","beam","4","20","Question: who wrote were going on a bear hunt? Answer: ","15","69,42,66,9","ula morris.
Question: who wrote the very hungry caterp","Michael Rosen and,Michael Rosen and,Michael Rosen and,Michael Rosen and,Michael Rosen and","14.269098281860352,39.466060638427734,26.311500549316406,24.104324340820312,46.349998474121094,49.889923095703125,17.96785545349121,53.20530319213867,55.53440475463867,58.22458267211914,47.77753829956055,37.00697708129883,27.50867462158203,36.48381042480469,45.87644577026367","0","0","0"
"23","15","beam","4","20","Question: who directed the iconic animated short educational film ek anek aur ekta? Answer: ","20","69,42,66,9","o and juliet.
Question: who directed the iconic animated short","Vijaya Mulay .,Vijaya Mulay </Td>,Vijaya Mulay </Td>,Vijaya Mulay .,Vijaya Mulay .","14.387197494506836,31.506370544433594,27.13811492919922,50.65972137451172,51.98799514770508,46.47202682495117,53.052154541015625,19.608205795288086,53.9526481628418,43.742279052734375,62.142765045166016,61.175025939941406,62.718502044677734,65.13521575927734,62.058753967285156","0","0","0"
"24","15","beam","4","20","Question: who sings the song one thing leads to another? Answer: ","15","26,59,18,89"," brown.
Question: who sings the song one thing leads to another","new wave rock band The Fixx ,","14.605722427368164,26.238338470458984,49.19642639160156,50.99666976928711,19.137113571166992,52.5263786315918,49.74263381958008,63.72640609741211,53.074134826660156,62.93842315673828,52.45152282714844,50.698875427246094,59.03813171386719,60.76582336425781,64.04912567138672","0","0.11764705882352942","0"
"25","15","beam","4","20","Question: where does florida natural orange juice come from? Answer: ","15","26,59,18,89"," been drinking florida natural orange juice for years and i love it.","Lake Wales , Florida .,primarily in Polk County , Florida ),primarily in Polk County , Florida )","15.473690032958984,55.25919723510742,55.39743423461914,51.84700393676758,30.839588165283203,51.474300384521484,55.7815055847168,58.86730194091797,53.50459289550781,56.33313751220703,56.89414978027344,52.39609146118164,54.54378128051758,56.77922058105469,55.307884216308594","0","0.12287581699346406","0"
"26","15","beam","4","20","Question: who propounded the idea of basic education in india? Answer: ","17","26,59,18,89","est betham.
Question: who propounded the idea of","Mahatma Gandhi are,Mahatma Gandhi are,Mahatma Gandhi are","14.547186851501465,32.37617492675781,23.359922409057617,22.383243560791016,27.923614501953125,23.939823150634766,47.72931671142578,18.65530776977539,50.61063003540039,48.31218719482422,59.33552551269531,23.898160934448242,56.97901916503906,59.114810943603516,58.24552917480469","0","0","0"
"27","15","beam","4","20","Question: when was i look at the world poem written? Answer: ","15","26,59,18,89","est hemingway wrote the poem in 1927.
Question: what","30 -- 31 October 2000 </Td>","16.580501556396484,34.27761459350586,27.589792251586914,34.81028366088867,56.76150894165039,53.419673919677734,51.5157585144043,49.85969161987305,55.23604965209961,51.186344146728516,52.43306350708008,50.915287017822266,26.277727127075195,52.51136016845703,54.87451934814453","0","0","0"
"28","15","beam","4","20","Question: what is the meaning of the name habib? Answer: ","15","87,97,7,44","�abīb is a male Arabic name meaning ""lover,","beloved '',`` beloved '' .,`` beloved '' .,beloved ''","14.802891731262207,25.597991943359375,25.011234283447266,23.918283462524414,35.44094467163086,26.00662612915039,40.431304931640625,34.25701904296875,35.801673889160156,33.03720474243164,36.254451751708984,46.81760025024414,39.81062698364258,36.20703125,62.32211685180664","0","0","0"
"29","15","beam","4","20","Question: what country shares borders with both belarus and romania? Answer: ","17","87,97,7,44","land.
Question: what country shares borders with both belarus and","Ukraine borders,Ukraine borders","15.5210542678833,35.382476806640625,49.26654815673828,50.5676383972168,24.586320877075195,52.436912536621094,57.57383346557617,57.65614700317383,57.629791259765625,64.5572738647461,60.12432098388672,58.263465881347656,56.592533111572266,26.290966033935547,62.39229965209961","0.023457495174891017","0.16666666666666669","0"
"30","15","beam","4","20","Question: what is the movie new jersey drive about? Answer: ","15","87,97,7,44","New Jersey Drive is a movie about a young man named John who is","joy riding black teenagers in 1990s Newark , New Jersey ,,joy riding black teenagers in 1990s Newark , New Jersey ,,joy riding black teenagers in 1990s Newark , New Jersey , then known as the `` car theft capital of the world '' .","13.81863784790039,17.203350067138672,64.72490692138672,54.881256103515625,49.39951705932617,57.07793426513672,53.18666076660156,56.73965835571289,59.31449508666992,54.51983642578125,56.292236328125,56.03507995605469,62.127994537353516,57.95476150512695,56.00391387939453","0.041263216881455095","0.15634606938954765","0"
"31","15","beam","4","20","Question: when does the next apollo book come out? Answer: ","15","87,97,7,44"," been working on it for a while now, but i havent had","May 1 , 2018 .,May 1 , 2018 .,May 1 , 2018 .,May 1 , 2018 .","16.840736389160156,53.45801544189453,53.663700103759766,59.286773681640625,59.0423698425293,55.608341217041016,59.94971466064453,63.65494918823242,59.06602478027344,57.66846466064453,52.67912292480469,52.43947982788086,55.12086868286133,49.34490203857422,48.25848388671875","0","0","0"
"32","15","beam","4","20","Question: who played joey's agent estelle on friends? Answer: ","16","84,96,15,17"," gillan.
Question: who played joey's agent est","June Gable (,June Gable (,June Gable (,June Gable (,June Gable (","15.280882835388184,22.579526901245117,24.476869583129883,38.28974151611328,48.070709228515625,44.916133880615234,18.647130966186523,51.850059509277344,49.3258171081543,60.01845169067383,60.519309997558594,56.76633834838867,46.37997055053711,64.83070373535156,56.452003479003906","0","0","0"
"33","15","beam","4","20","Question: what does the sun represent on the uruguay flag? Answer: ","17","84,96,15,17","land.
Question: what does the sun represent on the urugu","represents the May Revolution of 1810 ;,a figurative sun that represents Inti , the sun god of the Inca religion .,the May Revolution of 1810 ;,the May Revolution of 1810 ;,the May Revolution of 1810 ;,Inti , the sun god of the Inca religion .","13.162858009338379,22.28675651550293,49.151100158691406,55.028717041015625,18.639848709106445,51.844886779785156,58.28371047973633,57.87602615356445,61.735774993896484,59.39949035644531,52.63290786743164,58.59147644042969,62.89729309082031,56.93826675415039,42.34405517578125","0.06302647598688789","0.20736714975845408","0"
"34","15","beam","4","20","Question: who did michael showers play on vampire diaries? Answer: ","16","84,96,15,17"," somerhalder.
Question: who did michael showers play","The Man (,The Man (,The Man (,The Man (,The Man (","16.953266143798828,28.378801345825195,44.93031692504883,45.754356384277344,44.237586975097656,49.75177001953125,46.69267654418945,21.659517288208008,52.346588134765625,47.865543365478516,57.36964797973633,55.04438018798828,49.51765441894531,52.28363800048828,60.32464599609375","0","0","0"
"35","15","beam","4","20","Question: what is the name of the restaurant in seinfeld? Answer: ","17","84,96,15,17",".
Question: what is the name of the restaurant in seinf","Monk 's Café is,Monk 's Café is,Monk 's Café is,Monk 's Café is,Monk 's because","15.30862045288086,36.260868072509766,54.00660705566406,16.438575744628906,55.1065559387207,54.66719055175781,57.29533767700195,52.363525390625,60.99717712402344,56.5350227355957,56.75281524658203,63.511634826660156,55.37588882446289,53.08042526245117,31.858219146728516","0.021598265052211615","0.1142857142857143","0"
"36","15","beam","4","20","Question: who sang let me tell you about the birds and the bees? Answer: ","18","41,24,21,22"," hunter.
Question: who sang let me tell you about the birds","Jewel Akens with,Jewel Akens with,Jewel Akens with,Jewel Akens with,Jewel Akens with","15.104439735412598,27.107505798339844,48.15109634399414,48.283164978027344,18.649673461914062,51.45773696899414,53.62309265136719,62.77052307128906,54.974205017089844,59.477394104003906,54.72301483154297,59.78200912475586,59.223777770996094,61.00693893432617,63.47170639038086","0","0","0"
"37","15","beam","4","20","Question: who is running for south dakota attorney general? Answer: ","16","41,24,21,22","st, ron.
Question: who is running for south d","Lawrence County State 's Attorney John Fitzgerald ,,Chief Deputy Attorney General Charlie McGuigan ,,attorney and 2014 U.S. Senate candidate Jason Ravnsborg are","15.591511726379395,37.32181930541992,41.90998458862305,45.39897918701172,34.959083557128906,23.7335147857666,50.26136016845703,25.618078231811523,52.89579391479492,59.280540466308594,60.65026092529297,62.03785705566406,49.99635696411133,59.12477111816406,60.829063415527344","0","0","0"
"38","15","beam","4","20","Question: who was the dj on in living color? Answer: ","15","41,24,21,22"," mcshane.
Question: who was the dj on","DJ Twist and","14.704477310180664,33.70895767211914,41.18989944458008,31.317596435546875,38.13754653930664,52.576053619384766,47.37556838989258,17.572010040283203,54.5204963684082,53.16233825683594,59.78152847290039,56.433170318603516,63.051353454589844,45.75803756713867,58.94546890258789","0","0.2","0"
"39","15","beam","4","20","Question: who sings i'm going to soak up the sun? Answer: ","16","41,24,21,22"," brown.
Question: who sings i'm going to soak up the","Sheryl Crow .,American artist Sheryl Crow .,covered by the Kidz Bop Kids in 2003 .,Sheryl Crow .,Kidz Bop Kids in,American artist Sheryl Crow .,backing vocals by Liz Phair ,,Sheryl Crow .","16.64641761779785,27.336833953857422,48.48876953125,49.52033996582031,19.458974838256836,52.97854232788086,50.48379135131836,62.73986053466797,53.168739318847656,56.93183517456055,58.89133071899414,56.700904846191406,64.33145904541016,61.49674987792969,61.641300201416016","0.023457495174891017","0.013157894736842106","0"
"40","15","beam","4","20","Question: where do the astros play for spring training? Answer: ","15","50,12,20,71",".......
Question: where do the astros play for spring training","Osceola County Stadium </Td>,The Ballpark of The Palm Beaches </Td>,West Palm Beach </Td>","13.475546836853027,48.48406219482422,44.7619743347168,39.09098815917969,22.9976749420166,47.813297271728516,58.3498649597168,64.51708984375,61.02048110961914,63.48350143432617,39.81277084350586,53.761783599853516,59.044586181640625,66.16574096679688,62.64977264404297","0","0.041666666666666664","0"
"41","15","beam","4","20","Question: who inaugurated 'world teachers' day'? Answer: ","15","50,12,20,71","..
Question: who inaugurated 'world teachers' day'?","UNESCO /,ILO Recommendation","15.375861167907715,48.236656188964844,40.593421936035156,20.286664962768555,48.04794692993164,49.58032989501953,61.07361602783203,27.129878997802734,38.50778579711914,55.98295211791992,44.034324645996094,56.36463928222656,56.495384216308594,54.123252868652344,63.99832534790039","0","0","0"
"42","15","beam","4","20","Question: locations for the film an englishman who went up a hill? Answer: ","18","50,12,20,71","land, england, scotland, wales, and northern","Llanrhaeadr - ym - Mochnant and Llansilin in Powys .,Llanrhaeadr - ym - Mochnant and Llansilin in Powys .,Llanrhaeadr - ym - Mochnant and,Llansilin in Powys .","14.739083290100098,41.13622283935547,52.80867004394531,52.51589584350586,41.02459716796875,57.01848602294922,54.871673583984375,37.82985305786133,58.74168395996094,57.086280822753906,52.91920471191406,42.227294921875,56.55183792114258,50.151824951171875,45.669403076171875","0.03759340464156993","0.12692307692307692","0"
"43","15","beam","4","20","Question: how many gold medals won by india in 2018 commonwealth games? Answer: ","19","50,12,20,71","..
Question: how many gold medals won by india in 2018","26 </Td>,26 </Td>,26 </Td>,26 </Td>,66 </Td>","14.975892066955566,43.8718147277832,39.725746154785156,19.421749114990234,45.44975280761719,41.328346252441406,61.00236511230469,56.51585006713867,67.1063232421875,56.30872344970703,56.519893646240234,59.22409439086914,50.82197952270508,52.6778450012207,51.324546813964844","0","0","0"
"44","15","beam","4","20","Question: where can tight junctions be found in the body? Answer: ","15","75,57,36,13",".. Answer:.......... Question: what is the function of tight","Internal epithelia on,the cytoskeletons of adjacent cells .","12.263030052185059,34.689456939697266,29.03216552734375,47.90364074707031,32.63723373413086,20.598905563354492,47.46971130371094,44.97225570678711,52.983375549316406,39.81991195678711,39.43277359008789,37.9348258972168,38.58729553222656,48.67411422729492,42.029361724853516","0.030601688609851067","0.15384615384615385","0"
"45","15","beam","4","20","Question: cls bank deals with transactions arising out of? Answer: ","15","75,57,36,13",".. Question: cls bank deals with transactions arising out of? Answer","the foreign exchange market (,foreign exchange market (,the foreign exchange market ( FX ) .,the foreign exchange market ( FX ) .","13.36766242980957,51.054893493652344,46.97504425048828,47.10433578491211,53.27096939086914,30.48676300048828,52.626014709472656,55.816741943359375,58.29944610595703,57.64964294433594,60.72523498535156,62.43708419799805,59.82798385620117,52.43072509765625,56.45663833618164","0","0","0"
"46","15","beam","4","20","Question: a synonym for the content component of communication is? Answer: ","16","75,57,36,13","..
Question: a synonym for the content component of communication is","information and,information and","14.10332202911377,50.97132110595703,48.88459014892578,19.963581085205078,45.67343521118164,51.97976303100586,57.75286865234375,26.8531436920166,54.670265197753906,59.0477294921875,53.86955261230469,60.32307815551758,58.32201385498047,60.13062286376953,57.30918884277344","0","0","0"
"47","15","beam","4","20","Question: what does watch your p's and q's? Answer: ","15","75,57,36,13","�wɒt ʃɪp ɪ","`` mind your manners '' , `` mind your language '' , `` be on your best behaviour '' or similar .","12.676589012145996,22.667217254638672,22.521263122558594,18.79773712158203,21.61708641052246,22.213130950927734,22.974647521972656,21.270849227905273,21.80537986755371,21.01508331298828,20.400686264038086,24.104564666748047,25.759639739990234,22.328197479248047,21.529775619506836","0","0","0"
"48","15","beam","4","20","Question: what is the official symbol of the carnival of quebec? Answer: ","18","55,14,70,2","o and juliet.
Question: what is the official symbol of","Bonhomme Carnaval ,","13.060872077941895,38.980445861816406,42.17860412597656,52.91780471801758,47.384037017822266,47.47690963745117,55.105438232421875,18.82743263244629,51.3974609375,58.56256103515625,59.31696319580078,58.8541374206543,60.5335693359375,60.48553466796875,54.00364303588867","0","0","0"
"49","15","beam","4","20","Question: when did radio shack change to the source? Answer: ","15","55,14,70,2","I think it was in the early 2000's.
","2005 .,April 26 , 2005 ,,2005 ,","17.33878517150879,20.692928314208984,56.40940475463867,55.661842346191406,57.540443420410156,53.27061080932617,60.32006072998047,60.32630157470703,60.16431427001953,61.8230094909668,52.235591888427734,49.909912109375,22.7790584564209","0","0","0"
"50","15","beam","4","20","Question: where does the phrase good bye felicia come from? Answer: ","16","55,14,70,2"," heard it used in a movie, but i cant remember which one.","a scene in the American stoner buddy crime comedy film Friday ( 1995 ) .,a scene in the American stoner buddy crime comedy film Friday ( 1995 ) .,intended as a dismissive kiss - off .,a scene in the American stoner buddy crime comedy film Friday (,came from a scene in the American stoner buddy crime comedy film Friday ( 1995 ) .","16.445430755615234,55.051918029785156,55.54251480102539,51.58470916748047,56.65025329589844,53.07438659667969,52.37101745605469,51.08871841430664,48.80435562133789,56.65214920043945,58.86953353881836,53.268760681152344,56.40162658691406,58.908199310302734,57.31047439575195","0.02383765064930276","0.08833147528799704","0"
"51","15","beam","4","20","Question: how many wing stops are there in the united states? Answer: ","16","55,14,70,2",", none.
Question: how many wing stops are there in the","more than 1,000 restaurants,1,000 </Td>,more than 1,000 restaurants","14.95362663269043,46.72835159301758,52.8162956237793,55.05010223388672,55.771812438964844,47.21961975097656,57.02467346191406,58.58835220336914,62.90896224975586,66.17059326171875,62.73432922363281,60.360633850097656,60.7603645324707,63.97511291503906,63.90879821777344","0","0","0"
"52","15","beam","4","20","Question: who sings that aint no way to go? Answer: ","15","47,77,1,16"," brown.
Question: who sings that aint no way to go","American country music duo Brooks & Dunn .,Brooks & Dunn .,Brooks & Dunn </Th>,American country music duo Brooks & Dunn .,American country music duo Brooks & Dunn .","15.382686614990234,36.55067443847656,51.520591735839844,52.36412048339844,19.32316780090332,54.876930236816406,50.621036529541016,63.642127990722656,46.985225677490234,56.92457580566406,50.2342643737793,58.20403289794922,54.48772430419922,58.982566833496094,59.51375198364258","0","0","0"
"53","15","beam","4","20","Question: what was the purpose of the bantu education act? Answer: ","17","47,77,1,16","the bantu education act was passed in 1953 to provide education for","legalised several aspects of the apartheid system .,enforcing racially separated educational facilities .,enforcing racially separated educational facilities .","13.910001754760742,40.03118133544922,55.22787857055664,37.490997314453125,47.81513214111328,43.71272659301758,57.32254409790039,48.358863830566406,54.67225646972656,54.75145721435547,24.450389862060547,53.745811462402344,48.79914855957031,41.09236526489258,52.45927429199219","0.020044994979069072","0.11351909184726523","0"
"54","15","beam","4","20","Question: when did the military plane crash in mississippi? Answer: ","15","47,77,1,16","o and juliet is a tragedy written by william shakespeare early","around 4 P.M. on Monday , July 10 , 2017 ,,around 4 P.M. on Monday , July 10 , 2017 ,,Monday , July 10 , 2017 ,,July 10 , 2017 ,,around 4 P.M. on Monday , July 10 , 2017 ,","13.35331916809082,39.45100402832031,32.4893798828125,52.520179748535156,46.50727081298828,42.66368865966797,48.54396057128906,44.138179779052734,43.613216400146484,56.92709732055664,41.07204055786133,44.587928771972656,43.278324127197266,32.87507629394531,32.66072463989258","0","0","0"
"55","15","beam","4","20","Question: jharkhand which festival is associated with cattle worship? Answer: ","17","47,77,1,16","�००० जनवरी �","Sohrai is,Sohrai is,Sohrai is,Sohrai is,Sohrai is","12.310650825500488,20.90927505493164,18.168804168701172,19.557689666748047,17.991622924804688,21.085216522216797,16.75701904296875,20.756080627441406,16.604900360107422,17.194133758544922,15.869755744934082,18.55835723876953,18.414993286132812,19.948869705200195,20.093900680541992","0","0","0"
"56","15","beam","4","20","Question: who's the model on let's make a deal? Answer: ","16","32,54,83,51"," ziering.
Question: who's the model on let's","Tiffany Adams Coyne (,Tiffany Adams Coyne (,Tiffany Adams Coyne (,Tiffany Adams Coyne (,Tiffany Adams Coyne (","13.775611877441406,34.104984283447266,28.030595779418945,34.891265869140625,53.54307174682617,47.569026947021484,19.104761123657227,55.198768615722656,56.20572280883789,57.0814323425293,55.53861618041992,63.90717697143555,58.00555419921875,55.07575225830078,54.12821578979492","0","0","0"
"57","15","beam","4","20","Question: difference between deep cycle and starting marine battery? Answer: ","15","32,54,83,51","Deep cycle batteries are designed to be discharged and recharged frequently. They","Alloys used for the plates in a deep cycle battery may contain more antimony than that of starting batteries .","14.492618560791016,16.378692626953125,61.90098190307617,52.028831481933594,50.72000503540039,45.575443267822266,56.75030517578125,46.53840637207031,39.037715911865234,46.85918426513672,40.770050048828125,45.86635208129883,51.70074462890625,53.62531280517578,48.805660247802734","0.01223865792087042","0.1935483870967742","0"
"58","15","beam","4","20","Question: where do secondary xylem and phloem cells arise from? Answer: ","19","32,54,83,51",".. Question: what is the function of the phloem? Answer","The vascular cambium is,the vascular cambium are,the vascular cambium is,the vascular cambium are","12.631189346313477,38.30899429321289,29.159610748291016,47.67859649658203,42.673133850097656,41.61893081665039,38.12819290161133,38.92408752441406,52.01491928100586,38.40632247924805,34.16123580932617,24.986289978027344,26.1511173248291,30.697336196899414,61.6718635559082","0.027895820162122397","0.15384615384615383","0"
"59","15","beam","4","20","Question: where did the peanut butter jelly time song come from? Answer: ","16","32,54,83,51"," been singing it since i was a kid.
Question: where did","The Buckwheat Boyz was,The Buckwheat Boyz was,Buckwheat Boyz was","15.33981704711914,55.255184173583984,56.98414993286133,59.730045318603516,59.08335494995117,56.61211395263672,57.03657150268555,53.758174896240234,61.74690246582031,56.4289665222168,52.24079132080078,21.32022476196289,55.39894485473633,55.741600036621094,65.28491973876953","0.021598265052211615","0.1365079365079365","0"
"60","15","beam","4","20","Question: where is the left anterior descending artery located? Answer: ","15","80,79,61,46","The left anterior descending artery is located in the anterior wall of the left","the left coronary artery .","14.055036544799805,15.10087776184082,42.67119598388672,40.018646240234375,39.76317596435547,45.98598861694336,45.89692306518555,44.379486083984375,46.758453369140625,41.25804138183594,32.41801834106445,26.176773071289062,49.2479248046875,38.746952056884766,28.011852264404297","0.04566525607137944","0.3333333333333333","0"
"61","15","beam","4","20","Question: where does the expression as the crow flies come from? Answer: ","16","80,79,61,46","..
Question: what is the name of the first woman to be","Charles Dickens 's novel Oliver Twist :,Charles Dickens 's novel Oliver Twist :","13.015881538391113,49.500946044921875,41.080345153808594,17.77347183227539,49.298912048339844,46.955665588378906,54.9588737487793,52.821292877197266,54.81919860839844,54.115840911865234,63.665321350097656,56.8829345703125,55.89522933959961,50.39611053466797,48.93309783935547","0","0","0"
"62","15","beam","4","20","Question: which layer of the osi model handles physical addressing? Answer: ","16","80,79,61,46",".. Question: which layer of the osi model handles logical addressing?","physical layer or layer 1 is","12.32240104675293,47.52600860595703,46.66828155517578,48.51681900024414,53.290138244628906,55.89313507080078,56.29362869262695,61.73417663574219,60.10676574707031,40.54674530029297,53.57538986206055,59.9822998046875,45.243812561035156,51.341407775878906,59.9716796875","0.021598265052211615","0.125","0"
"63","15","beam","4","20","Question: what do you call a person who officiates a wedding? Answer: ","17","80,79,61,46","ire.
Question: what do you call a person who officiates","A marriage officiant , solemniser , or `` vow master '' is,marriage officiant ,,solemniser ,,`` vow master '' is,marriage officiant , solemniser , or `` vow master '' is,marriage officiant ,,solemniser ,,vow master ''","11.19613265991211,31.336183547973633,57.719139099121094,58.60717010498047,20.93640899658203,56.91222381591797,59.401390075683594,59.263370513916016,62.25837326049805,62.57461929321289,65.03376770019531,64.99114990234375,62.90489959716797,67.94512176513672,32.36981201171875","0","0.08415032679738563","0"
"64","15","beam","4","20","Question: where was foo fighters one of these days video filmed? Answer: ","16","65,29,98,8",", italy.
Question: where was foo fighters one of these","their June 2011 Milton Keynes performances , Australian and New Zealand tour .","14.330598831176758,43.10234069824219,52.33098602294922,57.24101638793945,52.45187759399414,49.82088088989258,19.726749420166016,55.027103424072266,39.262908935546875,60.05140686035156,53.350181579589844,45.97541809082031,28.13723373413086,30.31039810180664,58.576316833496094","0.017377739837112747","0","0"
"65","15","beam","4","20","Question: who said what we got here is failure to communicate? Answer: ","16","65,29,98,8","est hemingway.
I’m not sure if I’","Strother Martin ( as the Captain , a prison warden ) and,by Strother Martin ( as the Captain , a prison warden ) and later , abridged , by Paul Newman ( as Luke , a stubborn prisoner ) .,Strother Martin ( as the Captain , a prison warden ) and,Paul Newman ( as Luke , a stubborn prisoner ) .,Strother Martin ( as the Captain , a prison warden ) and,Paul Newman ( as Luke , a stubborn prisoner ) .","14.601253509521484,39.49790954589844,31.780349731445312,37.6888427734375,54.45677185058594,52.894935607910156,57.232444763183594,19.745235443115234,60.98051452636719,91.27387237548828,57.84248733520508,56.733036041259766,59.91261291503906,60.58433532714844,57.906368255615234","0","0","0"
"66","15","beam","4","20","Question: who played anna in once upon a time? Answer: ","15","65,29,98,8","se wickersham.
Question: who played anna in once","Elizabeth Dean Lail (,Elizabeth Dean Lail (,Elizabeth Dean Lail (,Elizabeth Dean Lail (","14.020530700683594,26.167421340942383,16.68964958190918,20.117433547973633,31.268884658813477,46.11790084838867,48.06499099731445,19.61477279663086,52.416316986083984,47.28212356567383,59.252647399902344,52.72444152832031,48.968692779541016,43.7490234375,50.191009521484375","0","0","0"
"67","15","beam","4","20","Question: who plays brad pitt's daughter in moneyball? Answer: ","17","65,29,98,8","se levesque.
Question: who plays brad pitt's","Kerris Lilla Dorsey (,Kerris Lilla Dorsey (,Kerris Lilla Dorsey (,Kerris Lilla Dorsey (,Kerris Lilla Dorsey (","14.45170783996582,26.30706024169922,17.557594299316406,18.631086349487305,47.34258270263672,45.9063720703125,18.492197036743164,53.215518951416016,53.43190002441406,60.678897857666016,58.47927474975586,48.92662811279297,56.07250213623047,32.74885177612305,54.31122589111328","0","0","0"
"68","15","beam","4","20","Question: who was the first black person to register to vote? Answer: ","16","58,11,35,19","..
Question: who was the first black person to register to vote","Thomas Mundy Peterson (","14.488482475280762,49.630859375,42.948829650878906,18.951496124267578,51.97490692138672,57.36070251464844,60.411827087402344,58.424339294433594,63.66541290283203,63.8193473815918,58.86618423461914,57.66042709350586,60.323089599609375,62.144283294677734,63.984710693359375","0","0","0"
"69","15","beam","4","20","Question: rhett butler's daughter in gone with the wind? Answer: ","17","58,11,35,19","estine butler.
Question: what is the name of the daughter","Eleanore Cammack `` Cammie '' King (,Eleanore Cammack `` Cammie '' King (","15.007551193237305,35.78371810913086,32.76314926147461,55.45053482055664,47.06858825683594,46.69490432739258,19.480865478515625,52.17817687988281,54.73323059082031,54.904361724853516,55.97976303100586,53.47435760498047,54.35306930541992,57.86159133911133,57.82379150390625","0","0","0"
"70","15","beam","4","20","Question: who said life is like a bowl of cherries? Answer: ","16","58,11,35,19","est hemingway.
Question: who said life is like a","Lew Brown ,","14.691058158874512,37.937644958496094,32.82676315307617,37.24842834472656,54.955238342285156,52.85923767089844,55.601932525634766,17.049095153808594,55.91029357910156,51.795799255371094,62.00393295288086,58.935516357421875,55.5638313293457,54.34815979003906,52.0816650390625","0","0","0"
"71","15","beam","4","20","Question: who wrote lord have mercy on the working man? Answer: ","15","58,11,35,19"," turgenev.
Question: who wrote lord have mercy on the","Kostas and,Kostas and,Kostas and,Kostas </Td>,Kostas and","17.137123107910156,28.619691848754883,31.492717742919922,47.78277587890625,48.938846588134766,51.68474578857422,19.600942611694336,50.54403305053711,56.04781723022461,64.16717529296875,55.6212272644043,53.48942565917969,65.79010772705078,61.32679748535156,59.665191650390625","0","0","0"
"72","15","beam","4","20","Question: suffix applied to the end of the name of enzymes? Answer: ","16","40,82,4,43",".
Question: suffix applied to the end of the name of enzymes","- ase is,- ase is,- ase is,- ase is,- ase is","10.981632232666016,37.89159393310547,39.97919845581055,15.254055976867676,50.84121322631836,37.59110641479492,55.745609283447266,53.78932189941406,42.28563690185547,45.18814468383789,37.70924377441406,42.747955322265625,45.70740509033203,44.159088134765625,42.57606887817383","0","0","0"
"73","15","beam","4","20","Question: who sang the song brother let me be your shelter? Answer: ","16","40,82,4,43"," anderson.
Question: who sang the song brother let me be","American Christian rock band Needtobreathe .,Needtobreathe .","15.866434097290039,34.481544494628906,28.60962677001953,48.94322967529297,51.226016998291016,20.07813835144043,52.7214469909668,54.510955810546875,62.4055061340332,56.869327545166016,63.214664459228516,56.97413635253906,57.99232864379883,65.27721405029297,60.32027053833008","0","0","0"
"74","15","beam","4","20","Question: who played bailey in the sisterhood of the traveling pants? Answer: ","18","40,82,4,43","se dufour.
Question: who played bailey in the","Jenna Boyd was,Jenna Boyd was,Jenna Boyd was","14.738100051879883,23.99523162841797,18.02581214904785,24.579500198364258,23.18345832824707,46.187496185302734,48.080902099609375,19.17142677307129,53.412025451660156,54.70179748535156,59.827423095703125,58.58164596557617,45.276493072509766,54.255645751953125,55.22011947631836","0","0","0"
"75","15","beam","4","20","Question: how many ceos of fortune 500 companies are female? Answer: ","16","40,82,4,43",", none.
Question: how many ceos of fortune 500 companies","32 </Td>,32 </Td>,32 </Td>,32 </Td>","12.690339088439941,47.74794006347656,50.54887008666992,55.10306167602539,53.66718673706055,44.54198455810547,56.148094177246094,58.201290130615234,61.68401336669922,61.23662567138672,34.41265106201172,54.63969421386719,62.11293029785156,57.14295196533203,54.273101806640625","0","0","0"
"76","15","beam","4","20","Question: yo la tengo theres a riot going on release date? Answer: ","18","88,28,10,37"," been waiting for this album for a long time. i hope it comes","March 16 , 2018 .,March 16 , 2018 .,March 16 , 2018 .,March 16 , 2018 .,March 16 , 2018 .","13.160341262817383,55.662811279296875,56.5168342590332,55.5054931640625,55.732120513916016,50.546730041503906,55.17929458618164,56.073848724365234,59.663700103759766,61.94990539550781,55.82179260253906,48.527870178222656,54.735538482666016,55.97374725341797,55.0413932800293","0","0","0"
"77","15","beam","4","20","Question: what is the meaning of utang na loob? Answer: ","16","88,28,10,37","ang na loob is a Filipino term that means “debt of","`` a debt of one 's inner self ( loob ) . '' It,a debt of one 's inner self (,a debt of one 's inner self (","13.914502143859863,30.58795166015625,48.05556869506836,39.157588958740234,40.332706451416016,54.658329010009766,47.65259552001953,42.90547180175781,50.03491973876953,46.041465759277344,54.68634033203125,58.69671630859375,49.43706512451172,38.619598388671875,53.94629669189453","0.028424915360075714","0.3222222222222222","0"
"78","15","beam","4","20","Question: what is the area code for phoenix arizona? Answer: ","18","88,28,10,37","-###-####.
Question: what is the area code for","602 -,480 -,623 -,602 -,480 -,623 -,602 -,480 -,623 -","16.9808406829834,42.31523132324219,36.93492889404297,40.99083709716797,32.64766311645508,47.19197082519531,51.756229400634766,24.8751220703125,51.613037109375,56.386531829833984,57.4952392578125,58.231536865234375,54.38246154785156,58.975608825683594,47.80276870727539","0","0","0"
"79","15","beam","4","20","Question: when is beyblade burst super z coming out? Answer: ","17","88,28,10,37"," heard that it will be coming out in the summer of 2019.
","April 2 , 2018 .,April 2 , 2018 </Td>,April 2 , 2018 .,April 2 , 2018 .","16.498008728027344,52.609230041503906,48.653106689453125,52.54769515991211,57.934837341308594,59.67314910888672,55.153690338134766,61.3036994934082,56.233463287353516,55.46611785888672,55.62213134765625,51.82566833496094,62.737998962402344,54.99233627319336,48.314910888671875","0","0","0"
"80","15","beam","4","20","Question: what color pages in the emergency response guidebook (erg) list compounds by name? Answer: ","22","86,5,94,56","ergency response guidebook (erg) pages are color coded to help","blue page,blue page","13.26516342163086,20.456588745117188,24.624500274658203,50.095359802246094,51.62389373779297,58.0456657409668,46.9371223449707,28.624731063842773,39.96342468261719,45.22032928466797,48.06378173828125,54.16221237182617,59.769805908203125,52.16236877441406,54.76604080200195","0","0.16666666666666669","0"
"81","15","beam","4","20","Question: who has the most yards per carry in nfl history? Answer: ","17","86,5,94,56","ie stautner.
Question: who has the most yards per","Emmitt Smith </Td>,Emmitt Smith </Td>,Jim Brown </Td>,Jim Brown </Td>","17.004680633544922,35.77598190307617,17.793514251708984,22.94182777404785,34.90349197387695,46.99800491333008,50.93714141845703,27.2259464263916,54.985862731933594,57.28446960449219,56.31100845336914,51.94679641723633,60.26710510253906,54.641902923583984,59.17853546142578","0","0","0"
"82","15","beam","4","20","Question: how many indian astronauts have gone to space? Answer: ","16","86,5,94,56","..
Question: how many indian astronauts have gone to space","2 pages","12.768336296081543,47.43940734863281,41.512611389160156,19.03215980529785,47.46784591674805,39.80604934692383,62.13410949707031,60.82284927368164,41.97904586791992,62.736820220947266,56.452476501464844,55.4626579284668,54.98119354248047,55.44300842285156,56.60234069824219","0","0","0"
"83","15","beam","4","20","Question: who has won the canada open women's doubles? Answer: ","16","86,5,94,56","ovic/kuznetsova.
Question: who has won","Mayu Matsumoto Wakana,Wakana Nagahara </Td>,Mayu Matsumoto Wakana,Wakana Nagahara </Td>","14.533882141113281,25.121850967407227,43.42704772949219,31.062353134155273,31.19761848449707,31.161609649658203,39.18806457519531,40.79975891113281,47.979835510253906,48.9405403137207,18.5567626953125,53.04938888549805,53.12765884399414,58.68355941772461,60.835166931152344","0","0","0"
"84","15","beam","4","20","Question: the nurses' health study is an example of what type of study? Answer: ","19","6,76,72,85"," Question: the nurses' health study is an example of what type of","a series of prospective studies that examine epidemiology and the long - term effects of nutrition , hormones , environment , and nurses ' work - life on health and disease development .,prospective studies,long - term effects,prospective studies,prospective studies that","12.04349422454834,39.35117721557617,45.0783576965332,49.5719108581543,57.08243942260742,53.959800720214844,49.33150100708008,54.65138244628906,49.3120002746582,50.74187469482422,46.460872650146484,51.38935470581055,48.82063293457031,50.3505859375,53.094974517822266","0.028347903757100078","0.11538847117794486","0"
"85","15","beam","4","20","Question: what does disk cleanup mean on a computer? Answer: ","15","6,76,72,85","Disk cleanup is a utility that helps you to free up space on your","a computer maintenance utility included in Microsoft Windows designed to free up disk space on a computer 's hard drive .,a computer maintenance utility included in Microsoft Windows designed to free up disk space on a computer 's hard drive .,a computer maintenance utility included in Microsoft Windows designed to free up disk space on a computer 's hard drive .","14.841060638427734,17.703351974487305,53.16598892211914,49.47610855102539,48.4300537109375,45.301719665527344,50.17300033569336,43.94043731689453,47.20610046386719,48.09585952758789,52.08713150024414,51.71579360961914,51.19570541381836,53.5901985168457,55.10807418823242","0.07474952876232874","0.411764705882353","0"
"86","15","beam","4","20","Question: who sang theme song for license to kill? Answer: ","15","6,76,72,85"," fleming, author of the bond novels, wrote the lyrics to the","Gladys Knight 's,Gladys Knight 's,Gladys Knight 's,Gladys Knight 's,Gladys Knight 's","15.24332046508789,22.771923065185547,38.98924255371094,45.43885803222656,46.53514099121094,50.65757369995117,43.524559020996094,35.06358337402344,52.93735122680664,49.16355514526367,54.29973220825195,49.632850646972656,53.80659484863281,54.30888748168945,42.05469512939453","0","0","0"
"87","15","beam","4","20","Question: who is the actor who plays king joffrey? Answer: ","16","6,76,72,85"," mcshane.
Question: who is the actor who plays","Jack Gleeson (,Jack Gleeson (,Jack Gleeson (,Jack Gleeson (,Jack Gleeson (","17.611936569213867,23.878074645996094,27.08855438232422,28.9489803314209,36.356536865234375,48.302032470703125,49.7100830078125,20.852930068969727,53.2462272644043,51.75571823120117,58.06435012817383,47.60791778564453,62.059844970703125,59.891719818115234,64.43647003173828","0","0","0"
"88","15","beam","4","20","Question: which country has won maximum number of gold medal in asian game 2014? Answer: ","20","90,48,0,49",".. Question: which country has won maximum number of gold medal in as","China (,China (,China (,China (","14.933342933654785,46.883731842041016,38.36237335205078,44.25774002075195,48.83638381958008,52.341819763183594,51.649078369140625,51.20281219482422,57.729251861572266,52.74689483642578,56.59201431274414,61.208927154541016,65.8211441040039,52.066314697265625,49.29884338378906","0","0","0"
"89","15","beam","4","20","Question: seven union territories of india and their capital? Answer: ","15","90,48,0,49","ipur, daman and diu, dadra and nagar","Andaman and Nicobar Islands -- Port Blair </Li>,Chandigarh -- Chandigarh </Li>,Dadra and Nagar Haveli -- Silvassa </Li>,Daman and Diu -- Daman </Li>,Lakshwadweep -- Kavaratti </Li>,National Capital Territory -- New Delhi </Li>,Puducherry -- Pondicherry </Li>,Andaman and Nicobar Islands -- Port Blair </Li>,Chandigarh -- Chandigarh </Li>,Dadra and Nagar Haveli -- Silvassa </Li>,Daman and Diu -- Daman </Li>,Lakshwadweep -- Kavaratti </Li>,National Capital Territory -- New Delhi </Li>,Puducherry -- Pondicherry </Li>,Andaman and Nicobar Islands -- Port Blair </Li>,Chandigarh -- Chandigarh </Li>,Dadra and Nagar Haveli -- Silvassa </Li>,Daman and Diu -- Daman </Li>,Lakshwadweep -- Kavaratti </Li>,National Capital Territory -- New Delhi </Li>,Puducherry -- Pondicherry </Li>","14.705951690673828,30.662540435791016,42.52308654785156,43.08251190185547,32.5994987487793,39.80274200439453,50.28496170043945,36.295806884765625,29.045984268188477,43.54920959472656,27.155794143676758,37.56873321533203,51.37507247924805,35.09818649291992,30.877405166625977","0.03235934848975789","0.15777080062794346","0"
"90","15","beam","4","20","Question: how many nuclear power plants in washington state? Answer: ","15","90,48,0,49"," been trying to find out how many nuclear power plants there are in washing","3 pages","13.085771560668945,54.3380126953125,54.80088806152344,58.74553298950195,62.5620002746582,56.1097412109375,56.32175827026367,63.350196838378906,61.2324104309082,64.99974060058594,68.21455383300781,56.961612701416016,60.40894317626953,59.02301788330078,62.53183364868164","0","0","0"
"91","15","beam","4","20","Question: when was the last time nebraska voted democrat? Answer: ","16","90,48,0,49"," been trying to find out when the last time nebraska voted democrat","1964 </Td>","13.891558647155762,55.209842681884766,52.19428634643555,58.454254150390625,61.45523452758789,54.18927001953125,54.93901824951172,57.104122161865234,60.70817184448242,56.636451721191406,58.80868148803711,23.064573287963867,59.39372634887695,58.489566802978516,39.541664123535156","0","0","0"
"92","15","beam","4","20","Question: who sings the wire season 5 theme song? Answer: ","15","95,73,30,62"," mcshane.
The Wire is an American crime drama television","Steve Earle .,Steve Earle .,Steve Earle .,Steve Earle .","15.09423828125,26.00974464416504,33.449951171875,23.459144592285156,34.045509338378906,50.860958099365234,48.395931243896484,16.323320388793945,59.96363067626953,47.36772918701172,47.591976165771484,42.41869354248047,23.007429122924805,39.32722473144531,34.21511459350586","0","0","0"
"93","15","beam","4","20","Question: where does the song 10 green bottles come from? Answer: ","15","95,73,30,62"," heard it before but i dont know where it comes from.
Question","United Kingdom .","14.716073989868164,55.96379470825195,55.295597076416016,49.92216873168945,56.30766296386719,57.59374237060547,58.97773361206055,59.30929183959961,57.075462341308594,54.91168212890625,61.20515441894531,62.15568161010742,56.197513580322266,50.247257232666016,32.45424270629883","0","0","0"
"94","15","beam","4","20","Question: where did the phrase how now brown cow come from? Answer: ","16","95,73,30,62"," heard it used in the movie the wizard of oz.
Question:","a phrase used in elocution teaching to demonstrate rounded vowel sounds .","13.783121109008789,53.41575622558594,55.25590515136719,51.06747817993164,56.79448699951172,53.43685531616211,52.59839630126953,46.7116813659668,35.64773178100586,48.24046325683594,49.92033386230469,48.693809509277344,49.511844635009766,32.75328826904297,45.40837478637695","0.04739717898453553","0.18181818181818182","0"
"95","15","beam","4","20","Question: a concave mirror can form a real image which is a copy of an object that forms? Answer: ","23","95,73,30,62","A concave mirror can form a real image which is a copy of an","inverted .,in the plane of convergence for the light rays that originate from a given object .,only if the object is placed further away from the mirror / lens than the focal point and","12.981616020202637,24.062421798706055,54.16758728027344,45.088478088378906,39.84982681274414,51.63715744018555,36.694358825683594,37.93576431274414,47.50776672363281,52.657005310058594,54.54328536987305,49.99617004394531,55.35993194580078,55.084739685058594,57.531105041503906","0.021558856460781654","0.04449388209121246","0"
"96","15","beam","4","20","Question: where does the last name waters come from? Answer: ","15","34,99,64,3","I am a descendant of the Waters family of the Isle of W","Wales and Yorkshire .,`` Wat '' , or `` Wa'ter '' , an old pronunciation of Gaultier or Walter ,,the surname Watson ( `` Wat 's son '' ) .,Wales and,Yorkshire .,Wales and,Yorkshire .","15.413897514343262,18.222225189208984,54.3390998840332,51.35859298706055,56.8634033203125,26.612422943115234,55.34968185424805,58.77223205566406,57.82179260253906,58.47169494628906,51.946922302246094,60.16685485839844,53.43223190307617,46.853553771972656,44.86219024658203","0.022267157315461233","0.026942355889724313","0"
"97","15","beam","4","20","Question: delhi is on the banks of which river? Answer: ","15","34,99,64,3",".. Question: which of the following is the largest river in india","Yamuna </Td>,Yamuna </Td>,Yamuna </Td>,Yamuna </Td>,Yamuna </Td>","13.572185516357422,47.26091003417969,43.24949645996094,47.63948059082031,48.08900451660156,48.19109344482422,59.520816802978516,56.48078155517578,48.150848388671875,49.40919876098633,49.49584197998047,47.55601119995117,39.73078155517578,54.26681137084961,53.63953399658203","0","0","0"
"98","15","beam","4","20","Question: who is the president of the republic of zambia? Answer: ","17","34,99,64,3","iniah mwanawasa.
Question: who is the president","Edgar Lungu since,Edgar Lungu .,Edgar Lungu since,Edgar Lungu since,Edgar Lungu .","15.564239501953125,27.150001525878906,19.768062591552734,29.8077449798584,24.141883850097656,28.775869369506836,32.24811935424805,48.077449798583984,52.51372146606445,19.39308738708496,55.596561431884766,54.44356155395508,60.01967239379883,56.75807189941406,62.987693786621094","0","0","0"
"99","15","beam","4","20","Question: who sings the song i'll never forget you? Answer: ","15","34,99,64,3"," van dahl.
Question: who sings the song i'll never","Mariah Carey song,Noisettes song,Zara Larsson and MNEK song,Mariah Carey song,Noisettes song,Zara Larsson and MNEK song","15.326784133911133,27.089332580566406,22.730224609375,25.3403377532959,49.43144989013672,50.039764404296875,19.486923217773438,51.019535064697266,51.283748626708984,62.78800964355469,52.5464973449707,62.381378173828125,55.668094635009766,57.47718811035156,61.476924896240234","0.02573285025273419","0.15128205128205127","0"